[2025-11-20 15:25:05] local.ERROR: could not find driver (SQL: select * from information_schema.tables where table_schema = inventory and table_name = migrations and table_type = 'BASE TABLE') {"exception":"[object] (Illuminate\\Database\\QueryException(code: 0): could not find driver (SQL: select * from information_schema.tables where table_schema = inventory and table_name = migrations and table_type = 'BASE TABLE') at D:\\xampp\\htdocs\\inventory\\vendor\\laravel\\framework\\src\\Illuminate\\Database\\Connection.php:712)
[stacktrace]
#0 D:\\xampp\\htdocs\\inventory\\vendor\\laravel\\framework\\src\\Illuminate\\Database\\Connection.php(672): Illuminate\\Database\\Connection->runQueryCallback('select * from i...', Array, Object(Closure))
#1 D:\\xampp\\htdocs\\inventory\\vendor\\laravel\\framework\\src\\Illuminate\\Database\\Connection.php(359): Illuminate\\Database\\Connection->run('select * from i...', Array, Object(Closure))
#2 D:\\xampp\\htdocs\\inventory\\vendor\\laravel\\framework\\src\\Illuminate\\Database\\Schema\\MySqlBuilder.php(43): Illuminate\\Database\\Connection->select('select * from i...', Array)
#3 D:\\xampp\\htdocs\\inventory\\vendor\\laravel\\framework\\src\\Illuminate\\Database\\Migrations\\DatabaseMigrationRepository.php(169): Illuminate\\Database\\Schema\\MySqlBuilder->hasTable('migrations')
#4 D:\\xampp\\htdocs\\inventory\\vendor\\laravel\\framework\\src\\Illuminate\\Database\\Migrations\\Migrator.php(673): Illuminate\\Database\\Migrations\\DatabaseMigrationRepository->repositoryExists()
#5 D:\\xampp\\htdocs\\inventory\\vendor\\laravel\\framework\\src\\Illuminate\\Database\\Console\\Migrations\\MigrateCommand.php(110): Illuminate\\Database\\Migrations\\Migrator->repositoryExists()
#6 D:\\xampp\\htdocs\\inventory\\vendor\\laravel\\framework\\src\\Illuminate\\Database\\Console\\Migrations\\MigrateCommand.php(78): Illuminate\\Database\\Console\\Migrations\\MigrateCommand->prepareDatabase()
#7 D:\\xampp\\htdocs\\inventory\\vendor\\laravel\\framework\\src\\Illuminate\\Database\\Migrations\\Migrator.php(606): Illuminate\\Database\\Console\\Migrations\\MigrateCommand->{closure:Illuminate\\Database\\Console\\Migrations\\MigrateCommand::handle():77}()
#8 D:\\xampp\\htdocs\\inventory\\vendor\\laravel\\framework\\src\\Illuminate\\Database\\Console\\Migrations\\MigrateCommand.php(77): Illuminate\\Database\\Migrations\\Migrator->usingConnection(NULL, Object(Closure))
#9 D:\\xampp\\htdocs\\inventory\\vendor\\laravel\\framework\\src\\Illuminate\\Container\\BoundMethod.php(36): Illuminate\\Database\\Console\\Migrations\\MigrateCommand->handle()
#10 D:\\xampp\\htdocs\\inventory\\vendor\\laravel\\framework\\src\\Illuminate\\Container\\Util.php(40): Illuminate\\Container\\BoundMethod::{closure:Illuminate\\Container\\BoundMethod::call():35}()
#11 D:\\xampp\\htdocs\\inventory\\vendor\\laravel\\framework\\src\\Illuminate\\Container\\BoundMethod.php(93): Illuminate\\Container\\Util::unwrapIfClosure(Object(Closure))
#12 D:\\xampp\\htdocs\\inventory\\vendor\\laravel\\framework\\src\\Illuminate\\Container\\BoundMethod.php(35): Illuminate\\Container\\BoundMethod::callBoundMethod(Object(Illuminate\\Foundation\\Application), Array, Object(Closure))
#13 D:\\xampp\\htdocs\\inventory\\vendor\\laravel\\framework\\src\\Illuminate\\Container\\Container.php(653): Illuminate\\Container\\BoundMethod::call(Object(Illuminate\\Foundation\\Application), Array, Array, NULL)
#14 D:\\xampp\\htdocs\\inventory\\vendor\\laravel\\framework\\src\\Illuminate\\Console\\Command.php(136): Illuminate\\Container\\Container->call(Array)
#15 D:\\xampp\\htdocs\\inventory\\vendor\\symfony\\console\\Command\\Command.php(298): Illuminate\\Console\\Command->execute(Object(Symfony\\Component\\Console\\Input\\ArgvInput), Object(Illuminate\\Console\\OutputStyle))
#16 D:\\xampp\\htdocs\\inventory\\vendor\\laravel\\framework\\src\\Illuminate\\Console\\Command.php(120): Symfony\\Component\\Console\\Command\\Command->run(Object(Symfony\\Component\\Console\\Input\\ArgvInput), Object(Illuminate\\Console\\OutputStyle))
#17 D:\\xampp\\htdocs\\inventory\\vendor\\symfony\\console\\Application.php(1040): Illuminate\\Console\\Command->run(Object(Symfony\\Component\\Console\\Input\\ArgvInput), Object(Symfony\\Component\\Console\\Output\\ConsoleOutput))
#18 D:\\xampp\\htdocs\\inventory\\vendor\\symfony\\console\\Application.php(301): Symfony\\Component\\Console\\Application->doRunCommand(Object(Illuminate\\Database\\Console\\Migrations\\MigrateCommand), Object(Symfony\\Component\\Console\\Input\\ArgvInput), Object(Symfony\\Component\\Console\\Output\\ConsoleOutput))
#19 D:\\xampp\\htdocs\\inventory\\vendor\\symfony\\console\\Application.php(171): Symfony\\Component\\Console\\Application->doRun(Object(Symfony\\Component\\Console\\Input\\ArgvInput), Object(Symfony\\Component\\Console\\Output\\ConsoleOutput))
#20 D:\\xampp\\htdocs\\inventory\\vendor\\laravel\\framework\\src\\Illuminate\\Console\\Application.php(94): Symfony\\Component\\Console\\Application->run(Object(Symfony\\Component\\Console\\Input\\ArgvInput), Object(Symfony\\Component\\Console\\Output\\ConsoleOutput))
#21 D:\\xampp\\htdocs\\inventory\\vendor\\laravel\\framework\\src\\Illuminate\\Foundation\\Console\\Kernel.php(129): Illuminate\\Console\\Application->run(Object(Symfony\\Component\\Console\\Input\\ArgvInput), Object(Symfony\\Component\\Console\\Output\\ConsoleOutput))
#22 D:\\xampp\\htdocs\\inventory\\artisan(35): Illuminate\\Foundation\\Console\\Kernel->handle(Object(Symfony\\Component\\Console\\Input\\ArgvInput), Object(Symfony\\Component\\Console\\Output\\ConsoleOutput))
#23 {main}

[previous exception] [object] (Doctrine\\DBAL\\Driver\\PDO\\Exception(code: 0): could not find driver at D:\\xampp\\htdocs\\inventory\\vendor\\doctrine\\dbal\\lib\\Doctrine\\DBAL\\Driver\\PDO\\Exception.php:18)
[stacktrace]
#0 D:\\xampp\\htdocs\\inventory\\vendor\\doctrine\\dbal\\lib\\Doctrine\\DBAL\\Driver\\PDOConnection.php(44): Doctrine\\DBAL\\Driver\\PDO\\Exception::new(Object(PDOException))
#1 D:\\xampp\\htdocs\\inventory\\vendor\\laravel\\framework\\src\\Illuminate\\Database\\Connectors\\Connector.php(67): Doctrine\\DBAL\\Driver\\PDOConnection->__construct('mysql:host=127....', 'root', '', Array)
#2 D:\\xampp\\htdocs\\inventory\\vendor\\laravel\\framework\\src\\Illuminate\\Database\\Connectors\\Connector.php(45): Illuminate\\Database\\Connectors\\Connector->createPdoConnection('mysql:host=127....', 'root', '', Array)
#3 D:\\xampp\\htdocs\\inventory\\vendor\\laravel\\framework\\src\\Illuminate\\Database\\Connectors\\MySqlConnector.php(24): Illuminate\\Database\\Connectors\\Connector->createConnection('mysql:host=127....', Array, Array)
#4 D:\\xampp\\htdocs\\inventory\\vendor\\laravel\\framework\\src\\Illuminate\\Database\\Connectors\\ConnectionFactory.php(184): Illuminate\\Database\\Connectors\\MySqlConnector->connect(Array)
#5 [internal function]: Illuminate\\Database\\Connectors\\ConnectionFactory->{closure:Illuminate\\Database\\Connectors\\ConnectionFactory::createPdoResolverWithHosts():179}()
#6 D:\\xampp\\htdocs\\inventory\\vendor\\laravel\\framework\\src\\Illuminate\\Database\\Connection.php(1064): call_user_func(Object(Closure))
#7 D:\\xampp\\htdocs\\inventory\\vendor\\laravel\\framework\\src\\Illuminate\\Database\\Connection.php(1100): Illuminate\\Database\\Connection->getPdo()
#8 D:\\xampp\\htdocs\\inventory\\vendor\\laravel\\framework\\src\\Illuminate\\Database\\Connection.php(442): Illuminate\\Database\\Connection->getReadPdo()
#9 D:\\xampp\\htdocs\\inventory\\vendor\\laravel\\framework\\src\\Illuminate\\Database\\Connection.php(368): Illuminate\\Database\\Connection->getPdoForSelect(true)
#10 D:\\xampp\\htdocs\\inventory\\vendor\\laravel\\framework\\src\\Illuminate\\Database\\Connection.php(705): Illuminate\\Database\\Connection->{closure:Illuminate\\Database\\Connection::select():359}('select * from i...', Array)
#11 D:\\xampp\\htdocs\\inventory\\vendor\\laravel\\framework\\src\\Illuminate\\Database\\Connection.php(672): Illuminate\\Database\\Connection->runQueryCallback('select * from i...', Array, Object(Closure))
#12 D:\\xampp\\htdocs\\inventory\\vendor\\laravel\\framework\\src\\Illuminate\\Database\\Connection.php(359): Illuminate\\Database\\Connection->run('select * from i...', Array, Object(Closure))
#13 D:\\xampp\\htdocs\\inventory\\vendor\\laravel\\framework\\src\\Illuminate\\Database\\Schema\\MySqlBuilder.php(43): Illuminate\\Database\\Connection->select('select * from i...', Array)
#14 D:\\xampp\\htdocs\\inventory\\vendor\\laravel\\framework\\src\\Illuminate\\Database\\Migrations\\DatabaseMigrationRepository.php(169): Illuminate\\Database\\Schema\\MySqlBuilder->hasTable('migrations')
#15 D:\\xampp\\htdocs\\inventory\\vendor\\laravel\\framework\\src\\Illuminate\\Database\\Migrations\\Migrator.php(673): Illuminate\\Database\\Migrations\\DatabaseMigrationRepository->repositoryExists()
#16 D:\\xampp\\htdocs\\inventory\\vendor\\laravel\\framework\\src\\Illuminate\\Database\\Console\\Migrations\\MigrateCommand.php(110): Illuminate\\Database\\Migrations\\Migrator->repositoryExists()
#17 D:\\xampp\\htdocs\\inventory\\vendor\\laravel\\framework\\src\\Illuminate\\Database\\Console\\Migrations\\MigrateCommand.php(78): Illuminate\\Database\\Console\\Migrations\\MigrateCommand->prepareDatabase()
#18 D:\\xampp\\htdocs\\inventory\\vendor\\laravel\\framework\\src\\Illuminate\\Database\\Migrations\\Migrator.php(606): Illuminate\\Database\\Console\\Migrations\\MigrateCommand->{closure:Illuminate\\Database\\Console\\Migrations\\MigrateCommand::handle():77}()
#19 D:\\xampp\\htdocs\\inventory\\vendor\\laravel\\framework\\src\\Illuminate\\Database\\Console\\Migrations\\MigrateCommand.php(77): Illuminate\\Database\\Migrations\\Migrator->usingConnection(NULL, Object(Closure))
#20 D:\\xampp\\htdocs\\inventory\\vendor\\laravel\\framework\\src\\Illuminate\\Container\\BoundMethod.php(36): Illuminate\\Database\\Console\\Migrations\\MigrateCommand->handle()
#21 D:\\xampp\\htdocs\\inventory\\vendor\\laravel\\framework\\src\\Illuminate\\Container\\Util.php(40): Illuminate\\Container\\BoundMethod::{closure:Illuminate\\Container\\BoundMethod::call():35}()
#22 D:\\xampp\\htdocs\\inventory\\vendor\\laravel\\framework\\src\\Illuminate\\Container\\BoundMethod.php(93): Illuminate\\Container\\Util::unwrapIfClosure(Object(Closure))
#23 D:\\xampp\\htdocs\\inventory\\vendor\\laravel\\framework\\src\\Illuminate\\Container\\BoundMethod.php(35): Illuminate\\Container\\BoundMethod::callBoundMethod(Object(Illuminate\\Foundation\\Application), Array, Object(Closure))
#24 D:\\xampp\\htdocs\\inventory\\vendor\\laravel\\framework\\src\\Illuminate\\Container\\Container.php(653): Illuminate\\Container\\BoundMethod::call(Object(Illuminate\\Foundation\\Application), Array, Array, NULL)
#25 D:\\xampp\\htdocs\\inventory\\vendor\\laravel\\framework\\src\\Illuminate\\Console\\Command.php(136): Illuminate\\Container\\Container->call(Array)
#26 D:\\xampp\\htdocs\\inventory\\vendor\\symfony\\console\\Command\\Command.php(298): Illuminate\\Console\\Command->execute(Object(Symfony\\Component\\Console\\Input\\ArgvInput), Object(Illuminate\\Console\\OutputStyle))
#27 D:\\xampp\\htdocs\\inventory\\vendor\\laravel\\framework\\src\\Illuminate\\Console\\Command.php(120): Symfony\\Component\\Console\\Command\\Command->run(Object(Symfony\\Component\\Console\\Input\\ArgvInput), Object(Illuminate\\Console\\OutputStyle))
#28 D:\\xampp\\htdocs\\inventory\\vendor\\symfony\\console\\Application.php(1040): Illuminate\\Console\\Command->run(Object(Symfony\\Component\\Console\\Input\\ArgvInput), Object(Symfony\\Component\\Console\\Output\\ConsoleOutput))
#29 D:\\xampp\\htdocs\\inventory\\vendor\\symfony\\console\\Application.php(301): Symfony\\Component\\Console\\Application->doRunCommand(Object(Illuminate\\Database\\Console\\Migrations\\MigrateCommand), Object(Symfony\\Component\\Console\\Input\\ArgvInput), Object(Symfony\\Component\\Console\\Output\\ConsoleOutput))
#30 D:\\xampp\\htdocs\\inventory\\vendor\\symfony\\console\\Application.php(171): Symfony\\Component\\Console\\Application->doRun(Object(Symfony\\Component\\Console\\Input\\ArgvInput), Object(Symfony\\Component\\Console\\Output\\ConsoleOutput))
#31 D:\\xampp\\htdocs\\inventory\\vendor\\laravel\\framework\\src\\Illuminate\\Console\\Application.php(94): Symfony\\Component\\Console\\Application->run(Object(Symfony\\Component\\Console\\Input\\ArgvInput), Object(Symfony\\Component\\Console\\Output\\ConsoleOutput))
#32 D:\\xampp\\htdocs\\inventory\\vendor\\laravel\\framework\\src\\Illuminate\\Foundation\\Console\\Kernel.php(129): Illuminate\\Console\\Application->run(Object(Symfony\\Component\\Console\\Input\\ArgvInput), Object(Symfony\\Component\\Console\\Output\\ConsoleOutput))
#33 D:\\xampp\\htdocs\\inventory\\artisan(35): Illuminate\\Foundation\\Console\\Kernel->handle(Object(Symfony\\Component\\Console\\Input\\ArgvInput), Object(Symfony\\Component\\Console\\Output\\ConsoleOutput))
#34 {main}

[previous exception] [object] (PDOException(code: 0): could not find driver at D:\\xampp\\htdocs\\inventory\\vendor\\doctrine\\dbal\\lib\\Doctrine\\DBAL\\Driver\\PDOConnection.php:40)
[stacktrace]
#0 D:\\xampp\\htdocs\\inventory\\vendor\\doctrine\\dbal\\lib\\Doctrine\\DBAL\\Driver\\PDOConnection.php(40): PDO->__construct('mysql:host=127....', 'root', Object(SensitiveParameterValue), Array)
#1 D:\\xampp\\htdocs\\inventory\\vendor\\laravel\\framework\\src\\Illuminate\\Database\\Connectors\\Connector.php(67): Doctrine\\DBAL\\Driver\\PDOConnection->__construct('mysql:host=127....', 'root', '', Array)
#2 D:\\xampp\\htdocs\\inventory\\vendor\\laravel\\framework\\src\\Illuminate\\Database\\Connectors\\Connector.php(45): Illuminate\\Database\\Connectors\\Connector->createPdoConnection('mysql:host=127....', 'root', '', Array)
#3 D:\\xampp\\htdocs\\inventory\\vendor\\laravel\\framework\\src\\Illuminate\\Database\\Connectors\\MySqlConnector.php(24): Illuminate\\Database\\Connectors\\Connector->createConnection('mysql:host=127....', Array, Array)
#4 D:\\xampp\\htdocs\\inventory\\vendor\\laravel\\framework\\src\\Illuminate\\Database\\Connectors\\ConnectionFactory.php(184): Illuminate\\Database\\Connectors\\MySqlConnector->connect(Array)
#5 [internal function]: Illuminate\\Database\\Connectors\\ConnectionFactory->{closure:Illuminate\\Database\\Connectors\\ConnectionFactory::createPdoResolverWithHosts():179}()
#6 D:\\xampp\\htdocs\\inventory\\vendor\\laravel\\framework\\src\\Illuminate\\Database\\Connection.php(1064): call_user_func(Object(Closure))
#7 D:\\xampp\\htdocs\\inventory\\vendor\\laravel\\framework\\src\\Illuminate\\Database\\Connection.php(1100): Illuminate\\Database\\Connection->getPdo()
#8 D:\\xampp\\htdocs\\inventory\\vendor\\laravel\\framework\\src\\Illuminate\\Database\\Connection.php(442): Illuminate\\Database\\Connection->getReadPdo()
#9 D:\\xampp\\htdocs\\inventory\\vendor\\laravel\\framework\\src\\Illuminate\\Database\\Connection.php(368): Illuminate\\Database\\Connection->getPdoForSelect(true)
#10 D:\\xampp\\htdocs\\inventory\\vendor\\laravel\\framework\\src\\Illuminate\\Database\\Connection.php(705): Illuminate\\Database\\Connection->{closure:Illuminate\\Database\\Connection::select():359}('select * from i...', Array)
#11 D:\\xampp\\htdocs\\inventory\\vendor\\laravel\\framework\\src\\Illuminate\\Database\\Connection.php(672): Illuminate\\Database\\Connection->runQueryCallback('select * from i...', Array, Object(Closure))
#12 D:\\xampp\\htdocs\\inventory\\vendor\\laravel\\framework\\src\\Illuminate\\Database\\Connection.php(359): Illuminate\\Database\\Connection->run('select * from i...', Array, Object(Closure))
#13 D:\\xampp\\htdocs\\inventory\\vendor\\laravel\\framework\\src\\Illuminate\\Database\\Schema\\MySqlBuilder.php(43): Illuminate\\Database\\Connection->select('select * from i...', Array)
#14 D:\\xampp\\htdocs\\inventory\\vendor\\laravel\\framework\\src\\Illuminate\\Database\\Migrations\\DatabaseMigrationRepository.php(169): Illuminate\\Database\\Schema\\MySqlBuilder->hasTable('migrations')
#15 D:\\xampp\\htdocs\\inventory\\vendor\\laravel\\framework\\src\\Illuminate\\Database\\Migrations\\Migrator.php(673): Illuminate\\Database\\Migrations\\DatabaseMigrationRepository->repositoryExists()
#16 D:\\xampp\\htdocs\\inventory\\vendor\\laravel\\framework\\src\\Illuminate\\Database\\Console\\Migrations\\MigrateCommand.php(110): Illuminate\\Database\\Migrations\\Migrator->repositoryExists()
#17 D:\\xampp\\htdocs\\inventory\\vendor\\laravel\\framework\\src\\Illuminate\\Database\\Console\\Migrations\\MigrateCommand.php(78): Illuminate\\Database\\Console\\Migrations\\MigrateCommand->prepareDatabase()
#18 D:\\xampp\\htdocs\\inventory\\vendor\\laravel\\framework\\src\\Illuminate\\Database\\Migrations\\Migrator.php(606): Illuminate\\Database\\Console\\Migrations\\MigrateCommand->{closure:Illuminate\\Database\\Console\\Migrations\\MigrateCommand::handle():77}()
#19 D:\\xampp\\htdocs\\inventory\\vendor\\laravel\\framework\\src\\Illuminate\\Database\\Console\\Migrations\\MigrateCommand.php(77): Illuminate\\Database\\Migrations\\Migrator->usingConnection(NULL, Object(Closure))
#20 D:\\xampp\\htdocs\\inventory\\vendor\\laravel\\framework\\src\\Illuminate\\Container\\BoundMethod.php(36): Illuminate\\Database\\Console\\Migrations\\MigrateCommand->handle()
#21 D:\\xampp\\htdocs\\inventory\\vendor\\laravel\\framework\\src\\Illuminate\\Container\\Util.php(40): Illuminate\\Container\\BoundMethod::{closure:Illuminate\\Container\\BoundMethod::call():35}()
#22 D:\\xampp\\htdocs\\inventory\\vendor\\laravel\\framework\\src\\Illuminate\\Container\\BoundMethod.php(93): Illuminate\\Container\\Util::unwrapIfClosure(Object(Closure))
#23 D:\\xampp\\htdocs\\inventory\\vendor\\laravel\\framework\\src\\Illuminate\\Container\\BoundMethod.php(35): Illuminate\\Container\\BoundMethod::callBoundMethod(Object(Illuminate\\Foundation\\Application), Array, Object(Closure))
#24 D:\\xampp\\htdocs\\inventory\\vendor\\laravel\\framework\\src\\Illuminate\\Container\\Container.php(653): Illuminate\\Container\\BoundMethod::call(Object(Illuminate\\Foundation\\Application), Array, Array, NULL)
#25 D:\\xampp\\htdocs\\inventory\\vendor\\laravel\\framework\\src\\Illuminate\\Console\\Command.php(136): Illuminate\\Container\\Container->call(Array)
#26 D:\\xampp\\htdocs\\inventory\\vendor\\symfony\\console\\Command\\Command.php(298): Illuminate\\Console\\Command->execute(Object(Symfony\\Component\\Console\\Input\\ArgvInput), Object(Illuminate\\Console\\OutputStyle))
#27 D:\\xampp\\htdocs\\inventory\\vendor\\laravel\\framework\\src\\Illuminate\\Console\\Command.php(120): Symfony\\Component\\Console\\Command\\Command->run(Object(Symfony\\Component\\Console\\Input\\ArgvInput), Object(Illuminate\\Console\\OutputStyle))
#28 D:\\xampp\\htdocs\\inventory\\vendor\\symfony\\console\\Application.php(1040): Illuminate\\Console\\Command->run(Object(Symfony\\Component\\Console\\Input\\ArgvInput), Object(Symfony\\Component\\Console\\Output\\ConsoleOutput))
#29 D:\\xampp\\htdocs\\inventory\\vendor\\symfony\\console\\Application.php(301): Symfony\\Component\\Console\\Application->doRunCommand(Object(Illuminate\\Database\\Console\\Migrations\\MigrateCommand), Object(Symfony\\Component\\Console\\Input\\ArgvInput), Object(Symfony\\Component\\Console\\Output\\ConsoleOutput))
#30 D:\\xampp\\htdocs\\inventory\\vendor\\symfony\\console\\Application.php(171): Symfony\\Component\\Console\\Application->doRun(Object(Symfony\\Component\\Console\\Input\\ArgvInput), Object(Symfony\\Component\\Console\\Output\\ConsoleOutput))
#31 D:\\xampp\\htdocs\\inventory\\vendor\\laravel\\framework\\src\\Illuminate\\Console\\Application.php(94): Symfony\\Component\\Console\\Application->run(Object(Symfony\\Component\\Console\\Input\\ArgvInput), Object(Symfony\\Component\\Console\\Output\\ConsoleOutput))
#32 D:\\xampp\\htdocs\\inventory\\vendor\\laravel\\framework\\src\\Illuminate\\Foundation\\Console\\Kernel.php(129): Illuminate\\Console\\Application->run(Object(Symfony\\Component\\Console\\Input\\ArgvInput), Object(Symfony\\Component\\Console\\Output\\ConsoleOutput))
#33 D:\\xampp\\htdocs\\inventory\\artisan(35): Illuminate\\Foundation\\Console\\Kernel->handle(Object(Symfony\\Component\\Console\\Input\\ArgvInput), Object(Symfony\\Component\\Console\\Output\\ConsoleOutput))
#34 {main}
"} 
[2025-11-20 15:26:27] local.ERROR: could not find driver (SQL: select * from information_schema.tables where table_schema = inventory and table_name = migrations and table_type = 'BASE TABLE') {"exception":"[object] (Illuminate\\Database\\QueryException(code: 0): could not find driver (SQL: select * from information_schema.tables where table_schema = inventory and table_name = migrations and table_type = 'BASE TABLE') at D:\\xampp\\htdocs\\inventory\\vendor\\laravel\\framework\\src\\Illuminate\\Database\\Connection.php:712)
[stacktrace]
#0 D:\\xampp\\htdocs\\inventory\\vendor\\laravel\\framework\\src\\Illuminate\\Database\\Connection.php(672): Illuminate\\Database\\Connection->runQueryCallback('select * from i...', Array, Object(Closure))
#1 D:\\xampp\\htdocs\\inventory\\vendor\\laravel\\framework\\src\\Illuminate\\Database\\Connection.php(359): Illuminate\\Database\\Connection->run('select * from i...', Array, Object(Closure))
#2 D:\\xampp\\htdocs\\inventory\\vendor\\laravel\\framework\\src\\Illuminate\\Database\\Schema\\MySqlBuilder.php(43): Illuminate\\Database\\Connection->select('select * from i...', Array)
#3 D:\\xampp\\htdocs\\inventory\\vendor\\laravel\\framework\\src\\Illuminate\\Database\\Migrations\\DatabaseMigrationRepository.php(169): Illuminate\\Database\\Schema\\MySqlBuilder->hasTable('migrations')
#4 D:\\xampp\\htdocs\\inventory\\vendor\\laravel\\framework\\src\\Illuminate\\Database\\Migrations\\Migrator.php(673): Illuminate\\Database\\Migrations\\DatabaseMigrationRepository->repositoryExists()
#5 D:\\xampp\\htdocs\\inventory\\vendor\\laravel\\framework\\src\\Illuminate\\Database\\Console\\Migrations\\MigrateCommand.php(110): Illuminate\\Database\\Migrations\\Migrator->repositoryExists()
#6 D:\\xampp\\htdocs\\inventory\\vendor\\laravel\\framework\\src\\Illuminate\\Database\\Console\\Migrations\\MigrateCommand.php(78): Illuminate\\Database\\Console\\Migrations\\MigrateCommand->prepareDatabase()
#7 D:\\xampp\\htdocs\\inventory\\vendor\\laravel\\framework\\src\\Illuminate\\Database\\Migrations\\Migrator.php(606): Illuminate\\Database\\Console\\Migrations\\MigrateCommand->{closure:Illuminate\\Database\\Console\\Migrations\\MigrateCommand::handle():77}()
#8 D:\\xampp\\htdocs\\inventory\\vendor\\laravel\\framework\\src\\Illuminate\\Database\\Console\\Migrations\\MigrateCommand.php(77): Illuminate\\Database\\Migrations\\Migrator->usingConnection(NULL, Object(Closure))
#9 D:\\xampp\\htdocs\\inventory\\vendor\\laravel\\framework\\src\\Illuminate\\Container\\BoundMethod.php(36): Illuminate\\Database\\Console\\Migrations\\MigrateCommand->handle()
#10 D:\\xampp\\htdocs\\inventory\\vendor\\laravel\\framework\\src\\Illuminate\\Container\\Util.php(40): Illuminate\\Container\\BoundMethod::{closure:Illuminate\\Container\\BoundMethod::call():35}()
#11 D:\\xampp\\htdocs\\inventory\\vendor\\laravel\\framework\\src\\Illuminate\\Container\\BoundMethod.php(93): Illuminate\\Container\\Util::unwrapIfClosure(Object(Closure))
#12 D:\\xampp\\htdocs\\inventory\\vendor\\laravel\\framework\\src\\Illuminate\\Container\\BoundMethod.php(35): Illuminate\\Container\\BoundMethod::callBoundMethod(Object(Illuminate\\Foundation\\Application), Array, Object(Closure))
#13 D:\\xampp\\htdocs\\inventory\\vendor\\laravel\\framework\\src\\Illuminate\\Container\\Container.php(653): Illuminate\\Container\\BoundMethod::call(Object(Illuminate\\Foundation\\Application), Array, Array, NULL)
#14 D:\\xampp\\htdocs\\inventory\\vendor\\laravel\\framework\\src\\Illuminate\\Console\\Command.php(136): Illuminate\\Container\\Container->call(Array)
#15 D:\\xampp\\htdocs\\inventory\\vendor\\symfony\\console\\Command\\Command.php(298): Illuminate\\Console\\Command->execute(Object(Symfony\\Component\\Console\\Input\\ArgvInput), Object(Illuminate\\Console\\OutputStyle))
#16 D:\\xampp\\htdocs\\inventory\\vendor\\laravel\\framework\\src\\Illuminate\\Console\\Command.php(120): Symfony\\Component\\Console\\Command\\Command->run(Object(Symfony\\Component\\Console\\Input\\ArgvInput), Object(Illuminate\\Console\\OutputStyle))
#17 D:\\xampp\\htdocs\\inventory\\vendor\\symfony\\console\\Application.php(1040): Illuminate\\Console\\Command->run(Object(Symfony\\Component\\Console\\Input\\ArgvInput), Object(Symfony\\Component\\Console\\Output\\ConsoleOutput))
#18 D:\\xampp\\htdocs\\inventory\\vendor\\symfony\\console\\Application.php(301): Symfony\\Component\\Console\\Application->doRunCommand(Object(Illuminate\\Database\\Console\\Migrations\\MigrateCommand), Object(Symfony\\Component\\Console\\Input\\ArgvInput), Object(Symfony\\Component\\Console\\Output\\ConsoleOutput))
#19 D:\\xampp\\htdocs\\inventory\\vendor\\symfony\\console\\Application.php(171): Symfony\\Component\\Console\\Application->doRun(Object(Symfony\\Component\\Console\\Input\\ArgvInput), Object(Symfony\\Component\\Console\\Output\\ConsoleOutput))
#20 D:\\xampp\\htdocs\\inventory\\vendor\\laravel\\framework\\src\\Illuminate\\Console\\Application.php(94): Symfony\\Component\\Console\\Application->run(Object(Symfony\\Component\\Console\\Input\\ArgvInput), Object(Symfony\\Component\\Console\\Output\\ConsoleOutput))
#21 D:\\xampp\\htdocs\\inventory\\vendor\\laravel\\framework\\src\\Illuminate\\Foundation\\Console\\Kernel.php(129): Illuminate\\Console\\Application->run(Object(Symfony\\Component\\Console\\Input\\ArgvInput), Object(Symfony\\Component\\Console\\Output\\ConsoleOutput))
#22 D:\\xampp\\htdocs\\inventory\\artisan(35): Illuminate\\Foundation\\Console\\Kernel->handle(Object(Symfony\\Component\\Console\\Input\\ArgvInput), Object(Symfony\\Component\\Console\\Output\\ConsoleOutput))
#23 {main}

[previous exception] [object] (Doctrine\\DBAL\\Driver\\PDO\\Exception(code: 0): could not find driver at D:\\xampp\\htdocs\\inventory\\vendor\\doctrine\\dbal\\lib\\Doctrine\\DBAL\\Driver\\PDO\\Exception.php:18)
[stacktrace]
#0 D:\\xampp\\htdocs\\inventory\\vendor\\doctrine\\dbal\\lib\\Doctrine\\DBAL\\Driver\\PDOConnection.php(44): Doctrine\\DBAL\\Driver\\PDO\\Exception::new(Object(PDOException))
#1 D:\\xampp\\htdocs\\inventory\\vendor\\laravel\\framework\\src\\Illuminate\\Database\\Connectors\\Connector.php(67): Doctrine\\DBAL\\Driver\\PDOConnection->__construct('mysql:host=127....', 'root', '', Array)
#2 D:\\xampp\\htdocs\\inventory\\vendor\\laravel\\framework\\src\\Illuminate\\Database\\Connectors\\Connector.php(45): Illuminate\\Database\\Connectors\\Connector->createPdoConnection('mysql:host=127....', 'root', '', Array)
#3 D:\\xampp\\htdocs\\inventory\\vendor\\laravel\\framework\\src\\Illuminate\\Database\\Connectors\\MySqlConnector.php(24): Illuminate\\Database\\Connectors\\Connector->createConnection('mysql:host=127....', Array, Array)
#4 D:\\xampp\\htdocs\\inventory\\vendor\\laravel\\framework\\src\\Illuminate\\Database\\Connectors\\ConnectionFactory.php(184): Illuminate\\Database\\Connectors\\MySqlConnector->connect(Array)
#5 [internal function]: Illuminate\\Database\\Connectors\\ConnectionFactory->{closure:Illuminate\\Database\\Connectors\\ConnectionFactory::createPdoResolverWithHosts():179}()
#6 D:\\xampp\\htdocs\\inventory\\vendor\\laravel\\framework\\src\\Illuminate\\Database\\Connection.php(1064): call_user_func(Object(Closure))
#7 D:\\xampp\\htdocs\\inventory\\vendor\\laravel\\framework\\src\\Illuminate\\Database\\Connection.php(1100): Illuminate\\Database\\Connection->getPdo()
#8 D:\\xampp\\htdocs\\inventory\\vendor\\laravel\\framework\\src\\Illuminate\\Database\\Connection.php(442): Illuminate\\Database\\Connection->getReadPdo()
#9 D:\\xampp\\htdocs\\inventory\\vendor\\laravel\\framework\\src\\Illuminate\\Database\\Connection.php(368): Illuminate\\Database\\Connection->getPdoForSelect(true)
#10 D:\\xampp\\htdocs\\inventory\\vendor\\laravel\\framework\\src\\Illuminate\\Database\\Connection.php(705): Illuminate\\Database\\Connection->{closure:Illuminate\\Database\\Connection::select():359}('select * from i...', Array)
#11 D:\\xampp\\htdocs\\inventory\\vendor\\laravel\\framework\\src\\Illuminate\\Database\\Connection.php(672): Illuminate\\Database\\Connection->runQueryCallback('select * from i...', Array, Object(Closure))
#12 D:\\xampp\\htdocs\\inventory\\vendor\\laravel\\framework\\src\\Illuminate\\Database\\Connection.php(359): Illuminate\\Database\\Connection->run('select * from i...', Array, Object(Closure))
#13 D:\\xampp\\htdocs\\inventory\\vendor\\laravel\\framework\\src\\Illuminate\\Database\\Schema\\MySqlBuilder.php(43): Illuminate\\Database\\Connection->select('select * from i...', Array)
#14 D:\\xampp\\htdocs\\inventory\\vendor\\laravel\\framework\\src\\Illuminate\\Database\\Migrations\\DatabaseMigrationRepository.php(169): Illuminate\\Database\\Schema\\MySqlBuilder->hasTable('migrations')
#15 D:\\xampp\\htdocs\\inventory\\vendor\\laravel\\framework\\src\\Illuminate\\Database\\Migrations\\Migrator.php(673): Illuminate\\Database\\Migrations\\DatabaseMigrationRepository->repositoryExists()
#16 D:\\xampp\\htdocs\\inventory\\vendor\\laravel\\framework\\src\\Illuminate\\Database\\Console\\Migrations\\MigrateCommand.php(110): Illuminate\\Database\\Migrations\\Migrator->repositoryExists()
#17 D:\\xampp\\htdocs\\inventory\\vendor\\laravel\\framework\\src\\Illuminate\\Database\\Console\\Migrations\\MigrateCommand.php(78): Illuminate\\Database\\Console\\Migrations\\MigrateCommand->prepareDatabase()
#18 D:\\xampp\\htdocs\\inventory\\vendor\\laravel\\framework\\src\\Illuminate\\Database\\Migrations\\Migrator.php(606): Illuminate\\Database\\Console\\Migrations\\MigrateCommand->{closure:Illuminate\\Database\\Console\\Migrations\\MigrateCommand::handle():77}()
#19 D:\\xampp\\htdocs\\inventory\\vendor\\laravel\\framework\\src\\Illuminate\\Database\\Console\\Migrations\\MigrateCommand.php(77): Illuminate\\Database\\Migrations\\Migrator->usingConnection(NULL, Object(Closure))
#20 D:\\xampp\\htdocs\\inventory\\vendor\\laravel\\framework\\src\\Illuminate\\Container\\BoundMethod.php(36): Illuminate\\Database\\Console\\Migrations\\MigrateCommand->handle()
#21 D:\\xampp\\htdocs\\inventory\\vendor\\laravel\\framework\\src\\Illuminate\\Container\\Util.php(40): Illuminate\\Container\\BoundMethod::{closure:Illuminate\\Container\\BoundMethod::call():35}()
#22 D:\\xampp\\htdocs\\inventory\\vendor\\laravel\\framework\\src\\Illuminate\\Container\\BoundMethod.php(93): Illuminate\\Container\\Util::unwrapIfClosure(Object(Closure))
#23 D:\\xampp\\htdocs\\inventory\\vendor\\laravel\\framework\\src\\Illuminate\\Container\\BoundMethod.php(35): Illuminate\\Container\\BoundMethod::callBoundMethod(Object(Illuminate\\Foundation\\Application), Array, Object(Closure))
#24 D:\\xampp\\htdocs\\inventory\\vendor\\laravel\\framework\\src\\Illuminate\\Container\\Container.php(653): Illuminate\\Container\\BoundMethod::call(Object(Illuminate\\Foundation\\Application), Array, Array, NULL)
#25 D:\\xampp\\htdocs\\inventory\\vendor\\laravel\\framework\\src\\Illuminate\\Console\\Command.php(136): Illuminate\\Container\\Container->call(Array)
#26 D:\\xampp\\htdocs\\inventory\\vendor\\symfony\\console\\Command\\Command.php(298): Illuminate\\Console\\Command->execute(Object(Symfony\\Component\\Console\\Input\\ArgvInput), Object(Illuminate\\Console\\OutputStyle))
#27 D:\\xampp\\htdocs\\inventory\\vendor\\laravel\\framework\\src\\Illuminate\\Console\\Command.php(120): Symfony\\Component\\Console\\Command\\Command->run(Object(Symfony\\Component\\Console\\Input\\ArgvInput), Object(Illuminate\\Console\\OutputStyle))
#28 D:\\xampp\\htdocs\\inventory\\vendor\\symfony\\console\\Application.php(1040): Illuminate\\Console\\Command->run(Object(Symfony\\Component\\Console\\Input\\ArgvInput), Object(Symfony\\Component\\Console\\Output\\ConsoleOutput))
#29 D:\\xampp\\htdocs\\inventory\\vendor\\symfony\\console\\Application.php(301): Symfony\\Component\\Console\\Application->doRunCommand(Object(Illuminate\\Database\\Console\\Migrations\\MigrateCommand), Object(Symfony\\Component\\Console\\Input\\ArgvInput), Object(Symfony\\Component\\Console\\Output\\ConsoleOutput))
#30 D:\\xampp\\htdocs\\inventory\\vendor\\symfony\\console\\Application.php(171): Symfony\\Component\\Console\\Application->doRun(Object(Symfony\\Component\\Console\\Input\\ArgvInput), Object(Symfony\\Component\\Console\\Output\\ConsoleOutput))
#31 D:\\xampp\\htdocs\\inventory\\vendor\\laravel\\framework\\src\\Illuminate\\Console\\Application.php(94): Symfony\\Component\\Console\\Application->run(Object(Symfony\\Component\\Console\\Input\\ArgvInput), Object(Symfony\\Component\\Console\\Output\\ConsoleOutput))
#32 D:\\xampp\\htdocs\\inventory\\vendor\\laravel\\framework\\src\\Illuminate\\Foundation\\Console\\Kernel.php(129): Illuminate\\Console\\Application->run(Object(Symfony\\Component\\Console\\Input\\ArgvInput), Object(Symfony\\Component\\Console\\Output\\ConsoleOutput))
#33 D:\\xampp\\htdocs\\inventory\\artisan(35): Illuminate\\Foundation\\Console\\Kernel->handle(Object(Symfony\\Component\\Console\\Input\\ArgvInput), Object(Symfony\\Component\\Console\\Output\\ConsoleOutput))
#34 {main}

[previous exception] [object] (PDOException(code: 0): could not find driver at D:\\xampp\\htdocs\\inventory\\vendor\\doctrine\\dbal\\lib\\Doctrine\\DBAL\\Driver\\PDOConnection.php:40)
[stacktrace]
#0 D:\\xampp\\htdocs\\inventory\\vendor\\doctrine\\dbal\\lib\\Doctrine\\DBAL\\Driver\\PDOConnection.php(40): PDO->__construct('mysql:host=127....', 'root', Object(SensitiveParameterValue), Array)
#1 D:\\xampp\\htdocs\\inventory\\vendor\\laravel\\framework\\src\\Illuminate\\Database\\Connectors\\Connector.php(67): Doctrine\\DBAL\\Driver\\PDOConnection->__construct('mysql:host=127....', 'root', '', Array)
#2 D:\\xampp\\htdocs\\inventory\\vendor\\laravel\\framework\\src\\Illuminate\\Database\\Connectors\\Connector.php(45): Illuminate\\Database\\Connectors\\Connector->createPdoConnection('mysql:host=127....', 'root', '', Array)
#3 D:\\xampp\\htdocs\\inventory\\vendor\\laravel\\framework\\src\\Illuminate\\Database\\Connectors\\MySqlConnector.php(24): Illuminate\\Database\\Connectors\\Connector->createConnection('mysql:host=127....', Array, Array)
#4 D:\\xampp\\htdocs\\inventory\\vendor\\laravel\\framework\\src\\Illuminate\\Database\\Connectors\\ConnectionFactory.php(184): Illuminate\\Database\\Connectors\\MySqlConnector->connect(Array)
#5 [internal function]: Illuminate\\Database\\Connectors\\ConnectionFactory->{closure:Illuminate\\Database\\Connectors\\ConnectionFactory::createPdoResolverWithHosts():179}()
#6 D:\\xampp\\htdocs\\inventory\\vendor\\laravel\\framework\\src\\Illuminate\\Database\\Connection.php(1064): call_user_func(Object(Closure))
#7 D:\\xampp\\htdocs\\inventory\\vendor\\laravel\\framework\\src\\Illuminate\\Database\\Connection.php(1100): Illuminate\\Database\\Connection->getPdo()
#8 D:\\xampp\\htdocs\\inventory\\vendor\\laravel\\framework\\src\\Illuminate\\Database\\Connection.php(442): Illuminate\\Database\\Connection->getReadPdo()
#9 D:\\xampp\\htdocs\\inventory\\vendor\\laravel\\framework\\src\\Illuminate\\Database\\Connection.php(368): Illuminate\\Database\\Connection->getPdoForSelect(true)
#10 D:\\xampp\\htdocs\\inventory\\vendor\\laravel\\framework\\src\\Illuminate\\Database\\Connection.php(705): Illuminate\\Database\\Connection->{closure:Illuminate\\Database\\Connection::select():359}('select * from i...', Array)
#11 D:\\xampp\\htdocs\\inventory\\vendor\\laravel\\framework\\src\\Illuminate\\Database\\Connection.php(672): Illuminate\\Database\\Connection->runQueryCallback('select * from i...', Array, Object(Closure))
#12 D:\\xampp\\htdocs\\inventory\\vendor\\laravel\\framework\\src\\Illuminate\\Database\\Connection.php(359): Illuminate\\Database\\Connection->run('select * from i...', Array, Object(Closure))
#13 D:\\xampp\\htdocs\\inventory\\vendor\\laravel\\framework\\src\\Illuminate\\Database\\Schema\\MySqlBuilder.php(43): Illuminate\\Database\\Connection->select('select * from i...', Array)
#14 D:\\xampp\\htdocs\\inventory\\vendor\\laravel\\framework\\src\\Illuminate\\Database\\Migrations\\DatabaseMigrationRepository.php(169): Illuminate\\Database\\Schema\\MySqlBuilder->hasTable('migrations')
#15 D:\\xampp\\htdocs\\inventory\\vendor\\laravel\\framework\\src\\Illuminate\\Database\\Migrations\\Migrator.php(673): Illuminate\\Database\\Migrations\\DatabaseMigrationRepository->repositoryExists()
#16 D:\\xampp\\htdocs\\inventory\\vendor\\laravel\\framework\\src\\Illuminate\\Database\\Console\\Migrations\\MigrateCommand.php(110): Illuminate\\Database\\Migrations\\Migrator->repositoryExists()
#17 D:\\xampp\\htdocs\\inventory\\vendor\\laravel\\framework\\src\\Illuminate\\Database\\Console\\Migrations\\MigrateCommand.php(78): Illuminate\\Database\\Console\\Migrations\\MigrateCommand->prepareDatabase()
#18 D:\\xampp\\htdocs\\inventory\\vendor\\laravel\\framework\\src\\Illuminate\\Database\\Migrations\\Migrator.php(606): Illuminate\\Database\\Console\\Migrations\\MigrateCommand->{closure:Illuminate\\Database\\Console\\Migrations\\MigrateCommand::handle():77}()
#19 D:\\xampp\\htdocs\\inventory\\vendor\\laravel\\framework\\src\\Illuminate\\Database\\Console\\Migrations\\MigrateCommand.php(77): Illuminate\\Database\\Migrations\\Migrator->usingConnection(NULL, Object(Closure))
#20 D:\\xampp\\htdocs\\inventory\\vendor\\laravel\\framework\\src\\Illuminate\\Container\\BoundMethod.php(36): Illuminate\\Database\\Console\\Migrations\\MigrateCommand->handle()
#21 D:\\xampp\\htdocs\\inventory\\vendor\\laravel\\framework\\src\\Illuminate\\Container\\Util.php(40): Illuminate\\Container\\BoundMethod::{closure:Illuminate\\Container\\BoundMethod::call():35}()
#22 D:\\xampp\\htdocs\\inventory\\vendor\\laravel\\framework\\src\\Illuminate\\Container\\BoundMethod.php(93): Illuminate\\Container\\Util::unwrapIfClosure(Object(Closure))
#23 D:\\xampp\\htdocs\\inventory\\vendor\\laravel\\framework\\src\\Illuminate\\Container\\BoundMethod.php(35): Illuminate\\Container\\BoundMethod::callBoundMethod(Object(Illuminate\\Foundation\\Application), Array, Object(Closure))
#24 D:\\xampp\\htdocs\\inventory\\vendor\\laravel\\framework\\src\\Illuminate\\Container\\Container.php(653): Illuminate\\Container\\BoundMethod::call(Object(Illuminate\\Foundation\\Application), Array, Array, NULL)
#25 D:\\xampp\\htdocs\\inventory\\vendor\\laravel\\framework\\src\\Illuminate\\Console\\Command.php(136): Illuminate\\Container\\Container->call(Array)
#26 D:\\xampp\\htdocs\\inventory\\vendor\\symfony\\console\\Command\\Command.php(298): Illuminate\\Console\\Command->execute(Object(Symfony\\Component\\Console\\Input\\ArgvInput), Object(Illuminate\\Console\\OutputStyle))
#27 D:\\xampp\\htdocs\\inventory\\vendor\\laravel\\framework\\src\\Illuminate\\Console\\Command.php(120): Symfony\\Component\\Console\\Command\\Command->run(Object(Symfony\\Component\\Console\\Input\\ArgvInput), Object(Illuminate\\Console\\OutputStyle))
#28 D:\\xampp\\htdocs\\inventory\\vendor\\symfony\\console\\Application.php(1040): Illuminate\\Console\\Command->run(Object(Symfony\\Component\\Console\\Input\\ArgvInput), Object(Symfony\\Component\\Console\\Output\\ConsoleOutput))
#29 D:\\xampp\\htdocs\\inventory\\vendor\\symfony\\console\\Application.php(301): Symfony\\Component\\Console\\Application->doRunCommand(Object(Illuminate\\Database\\Console\\Migrations\\MigrateCommand), Object(Symfony\\Component\\Console\\Input\\ArgvInput), Object(Symfony\\Component\\Console\\Output\\ConsoleOutput))
#30 D:\\xampp\\htdocs\\inventory\\vendor\\symfony\\console\\Application.php(171): Symfony\\Component\\Console\\Application->doRun(Object(Symfony\\Component\\Console\\Input\\ArgvInput), Object(Symfony\\Component\\Console\\Output\\ConsoleOutput))
#31 D:\\xampp\\htdocs\\inventory\\vendor\\laravel\\framework\\src\\Illuminate\\Console\\Application.php(94): Symfony\\Component\\Console\\Application->run(Object(Symfony\\Component\\Console\\Input\\ArgvInput), Object(Symfony\\Component\\Console\\Output\\ConsoleOutput))
#32 D:\\xampp\\htdocs\\inventory\\vendor\\laravel\\framework\\src\\Illuminate\\Foundation\\Console\\Kernel.php(129): Illuminate\\Console\\Application->run(Object(Symfony\\Component\\Console\\Input\\ArgvInput), Object(Symfony\\Component\\Console\\Output\\ConsoleOutput))
#33 D:\\xampp\\htdocs\\inventory\\artisan(35): Illuminate\\Foundation\\Console\\Kernel->handle(Object(Symfony\\Component\\Console\\Input\\ArgvInput), Object(Symfony\\Component\\Console\\Output\\ConsoleOutput))
#34 {main}
"} 
[2025-11-20 15:28:29] local.ERROR: could not find driver (SQL: select * from information_schema.tables where table_schema = inventory and table_name = migrations and table_type = 'BASE TABLE') {"exception":"[object] (Illuminate\\Database\\QueryException(code: 0): could not find driver (SQL: select * from information_schema.tables where table_schema = inventory and table_name = migrations and table_type = 'BASE TABLE') at D:\\xampp\\htdocs\\inventory\\vendor\\laravel\\framework\\src\\Illuminate\\Database\\Connection.php:712)
[stacktrace]
#0 D:\\xampp\\htdocs\\inventory\\vendor\\laravel\\framework\\src\\Illuminate\\Database\\Connection.php(672): Illuminate\\Database\\Connection->runQueryCallback('select * from i...', Array, Object(Closure))
#1 D:\\xampp\\htdocs\\inventory\\vendor\\laravel\\framework\\src\\Illuminate\\Database\\Connection.php(359): Illuminate\\Database\\Connection->run('select * from i...', Array, Object(Closure))
#2 D:\\xampp\\htdocs\\inventory\\vendor\\laravel\\framework\\src\\Illuminate\\Database\\Schema\\MySqlBuilder.php(43): Illuminate\\Database\\Connection->select('select * from i...', Array)
#3 D:\\xampp\\htdocs\\inventory\\vendor\\laravel\\framework\\src\\Illuminate\\Database\\Migrations\\DatabaseMigrationRepository.php(169): Illuminate\\Database\\Schema\\MySqlBuilder->hasTable('migrations')
#4 D:\\xampp\\htdocs\\inventory\\vendor\\laravel\\framework\\src\\Illuminate\\Database\\Migrations\\Migrator.php(673): Illuminate\\Database\\Migrations\\DatabaseMigrationRepository->repositoryExists()
#5 D:\\xampp\\htdocs\\inventory\\vendor\\laravel\\framework\\src\\Illuminate\\Database\\Console\\Migrations\\MigrateCommand.php(110): Illuminate\\Database\\Migrations\\Migrator->repositoryExists()
#6 D:\\xampp\\htdocs\\inventory\\vendor\\laravel\\framework\\src\\Illuminate\\Database\\Console\\Migrations\\MigrateCommand.php(78): Illuminate\\Database\\Console\\Migrations\\MigrateCommand->prepareDatabase()
#7 D:\\xampp\\htdocs\\inventory\\vendor\\laravel\\framework\\src\\Illuminate\\Database\\Migrations\\Migrator.php(606): Illuminate\\Database\\Console\\Migrations\\MigrateCommand->{closure:Illuminate\\Database\\Console\\Migrations\\MigrateCommand::handle():77}()
#8 D:\\xampp\\htdocs\\inventory\\vendor\\laravel\\framework\\src\\Illuminate\\Database\\Console\\Migrations\\MigrateCommand.php(77): Illuminate\\Database\\Migrations\\Migrator->usingConnection(NULL, Object(Closure))
#9 D:\\xampp\\htdocs\\inventory\\vendor\\laravel\\framework\\src\\Illuminate\\Container\\BoundMethod.php(36): Illuminate\\Database\\Console\\Migrations\\MigrateCommand->handle()
#10 D:\\xampp\\htdocs\\inventory\\vendor\\laravel\\framework\\src\\Illuminate\\Container\\Util.php(40): Illuminate\\Container\\BoundMethod::{closure:Illuminate\\Container\\BoundMethod::call():35}()
#11 D:\\xampp\\htdocs\\inventory\\vendor\\laravel\\framework\\src\\Illuminate\\Container\\BoundMethod.php(93): Illuminate\\Container\\Util::unwrapIfClosure(Object(Closure))
#12 D:\\xampp\\htdocs\\inventory\\vendor\\laravel\\framework\\src\\Illuminate\\Container\\BoundMethod.php(35): Illuminate\\Container\\BoundMethod::callBoundMethod(Object(Illuminate\\Foundation\\Application), Array, Object(Closure))
#13 D:\\xampp\\htdocs\\inventory\\vendor\\laravel\\framework\\src\\Illuminate\\Container\\Container.php(653): Illuminate\\Container\\BoundMethod::call(Object(Illuminate\\Foundation\\Application), Array, Array, NULL)
#14 D:\\xampp\\htdocs\\inventory\\vendor\\laravel\\framework\\src\\Illuminate\\Console\\Command.php(136): Illuminate\\Container\\Container->call(Array)
#15 D:\\xampp\\htdocs\\inventory\\vendor\\symfony\\console\\Command\\Command.php(298): Illuminate\\Console\\Command->execute(Object(Symfony\\Component\\Console\\Input\\ArgvInput), Object(Illuminate\\Console\\OutputStyle))
#16 D:\\xampp\\htdocs\\inventory\\vendor\\laravel\\framework\\src\\Illuminate\\Console\\Command.php(120): Symfony\\Component\\Console\\Command\\Command->run(Object(Symfony\\Component\\Console\\Input\\ArgvInput), Object(Illuminate\\Console\\OutputStyle))
#17 D:\\xampp\\htdocs\\inventory\\vendor\\symfony\\console\\Application.php(1040): Illuminate\\Console\\Command->run(Object(Symfony\\Component\\Console\\Input\\ArgvInput), Object(Symfony\\Component\\Console\\Output\\ConsoleOutput))
#18 D:\\xampp\\htdocs\\inventory\\vendor\\symfony\\console\\Application.php(301): Symfony\\Component\\Console\\Application->doRunCommand(Object(Illuminate\\Database\\Console\\Migrations\\MigrateCommand), Object(Symfony\\Component\\Console\\Input\\ArgvInput), Object(Symfony\\Component\\Console\\Output\\ConsoleOutput))
#19 D:\\xampp\\htdocs\\inventory\\vendor\\symfony\\console\\Application.php(171): Symfony\\Component\\Console\\Application->doRun(Object(Symfony\\Component\\Console\\Input\\ArgvInput), Object(Symfony\\Component\\Console\\Output\\ConsoleOutput))
#20 D:\\xampp\\htdocs\\inventory\\vendor\\laravel\\framework\\src\\Illuminate\\Console\\Application.php(94): Symfony\\Component\\Console\\Application->run(Object(Symfony\\Component\\Console\\Input\\ArgvInput), Object(Symfony\\Component\\Console\\Output\\ConsoleOutput))
#21 D:\\xampp\\htdocs\\inventory\\vendor\\laravel\\framework\\src\\Illuminate\\Foundation\\Console\\Kernel.php(129): Illuminate\\Console\\Application->run(Object(Symfony\\Component\\Console\\Input\\ArgvInput), Object(Symfony\\Component\\Console\\Output\\ConsoleOutput))
#22 D:\\xampp\\htdocs\\inventory\\artisan(35): Illuminate\\Foundation\\Console\\Kernel->handle(Object(Symfony\\Component\\Console\\Input\\ArgvInput), Object(Symfony\\Component\\Console\\Output\\ConsoleOutput))
#23 {main}

[previous exception] [object] (Doctrine\\DBAL\\Driver\\PDO\\Exception(code: 0): could not find driver at D:\\xampp\\htdocs\\inventory\\vendor\\doctrine\\dbal\\lib\\Doctrine\\DBAL\\Driver\\PDO\\Exception.php:18)
[stacktrace]
#0 D:\\xampp\\htdocs\\inventory\\vendor\\doctrine\\dbal\\lib\\Doctrine\\DBAL\\Driver\\PDOConnection.php(44): Doctrine\\DBAL\\Driver\\PDO\\Exception::new(Object(PDOException))
#1 D:\\xampp\\htdocs\\inventory\\vendor\\laravel\\framework\\src\\Illuminate\\Database\\Connectors\\Connector.php(67): Doctrine\\DBAL\\Driver\\PDOConnection->__construct('mysql:host=127....', 'root', '', Array)
#2 D:\\xampp\\htdocs\\inventory\\vendor\\laravel\\framework\\src\\Illuminate\\Database\\Connectors\\Connector.php(45): Illuminate\\Database\\Connectors\\Connector->createPdoConnection('mysql:host=127....', 'root', '', Array)
#3 D:\\xampp\\htdocs\\inventory\\vendor\\laravel\\framework\\src\\Illuminate\\Database\\Connectors\\MySqlConnector.php(24): Illuminate\\Database\\Connectors\\Connector->createConnection('mysql:host=127....', Array, Array)
#4 D:\\xampp\\htdocs\\inventory\\vendor\\laravel\\framework\\src\\Illuminate\\Database\\Connectors\\ConnectionFactory.php(184): Illuminate\\Database\\Connectors\\MySqlConnector->connect(Array)
#5 [internal function]: Illuminate\\Database\\Connectors\\ConnectionFactory->{closure:Illuminate\\Database\\Connectors\\ConnectionFactory::createPdoResolverWithHosts():179}()
#6 D:\\xampp\\htdocs\\inventory\\vendor\\laravel\\framework\\src\\Illuminate\\Database\\Connection.php(1064): call_user_func(Object(Closure))
#7 D:\\xampp\\htdocs\\inventory\\vendor\\laravel\\framework\\src\\Illuminate\\Database\\Connection.php(1100): Illuminate\\Database\\Connection->getPdo()
#8 D:\\xampp\\htdocs\\inventory\\vendor\\laravel\\framework\\src\\Illuminate\\Database\\Connection.php(442): Illuminate\\Database\\Connection->getReadPdo()
#9 D:\\xampp\\htdocs\\inventory\\vendor\\laravel\\framework\\src\\Illuminate\\Database\\Connection.php(368): Illuminate\\Database\\Connection->getPdoForSelect(true)
#10 D:\\xampp\\htdocs\\inventory\\vendor\\laravel\\framework\\src\\Illuminate\\Database\\Connection.php(705): Illuminate\\Database\\Connection->{closure:Illuminate\\Database\\Connection::select():359}('select * from i...', Array)
#11 D:\\xampp\\htdocs\\inventory\\vendor\\laravel\\framework\\src\\Illuminate\\Database\\Connection.php(672): Illuminate\\Database\\Connection->runQueryCallback('select * from i...', Array, Object(Closure))
#12 D:\\xampp\\htdocs\\inventory\\vendor\\laravel\\framework\\src\\Illuminate\\Database\\Connection.php(359): Illuminate\\Database\\Connection->run('select * from i...', Array, Object(Closure))
#13 D:\\xampp\\htdocs\\inventory\\vendor\\laravel\\framework\\src\\Illuminate\\Database\\Schema\\MySqlBuilder.php(43): Illuminate\\Database\\Connection->select('select * from i...', Array)
#14 D:\\xampp\\htdocs\\inventory\\vendor\\laravel\\framework\\src\\Illuminate\\Database\\Migrations\\DatabaseMigrationRepository.php(169): Illuminate\\Database\\Schema\\MySqlBuilder->hasTable('migrations')
#15 D:\\xampp\\htdocs\\inventory\\vendor\\laravel\\framework\\src\\Illuminate\\Database\\Migrations\\Migrator.php(673): Illuminate\\Database\\Migrations\\DatabaseMigrationRepository->repositoryExists()
#16 D:\\xampp\\htdocs\\inventory\\vendor\\laravel\\framework\\src\\Illuminate\\Database\\Console\\Migrations\\MigrateCommand.php(110): Illuminate\\Database\\Migrations\\Migrator->repositoryExists()
#17 D:\\xampp\\htdocs\\inventory\\vendor\\laravel\\framework\\src\\Illuminate\\Database\\Console\\Migrations\\MigrateCommand.php(78): Illuminate\\Database\\Console\\Migrations\\MigrateCommand->prepareDatabase()
#18 D:\\xampp\\htdocs\\inventory\\vendor\\laravel\\framework\\src\\Illuminate\\Database\\Migrations\\Migrator.php(606): Illuminate\\Database\\Console\\Migrations\\MigrateCommand->{closure:Illuminate\\Database\\Console\\Migrations\\MigrateCommand::handle():77}()
#19 D:\\xampp\\htdocs\\inventory\\vendor\\laravel\\framework\\src\\Illuminate\\Database\\Console\\Migrations\\MigrateCommand.php(77): Illuminate\\Database\\Migrations\\Migrator->usingConnection(NULL, Object(Closure))
#20 D:\\xampp\\htdocs\\inventory\\vendor\\laravel\\framework\\src\\Illuminate\\Container\\BoundMethod.php(36): Illuminate\\Database\\Console\\Migrations\\MigrateCommand->handle()
#21 D:\\xampp\\htdocs\\inventory\\vendor\\laravel\\framework\\src\\Illuminate\\Container\\Util.php(40): Illuminate\\Container\\BoundMethod::{closure:Illuminate\\Container\\BoundMethod::call():35}()
#22 D:\\xampp\\htdocs\\inventory\\vendor\\laravel\\framework\\src\\Illuminate\\Container\\BoundMethod.php(93): Illuminate\\Container\\Util::unwrapIfClosure(Object(Closure))
#23 D:\\xampp\\htdocs\\inventory\\vendor\\laravel\\framework\\src\\Illuminate\\Container\\BoundMethod.php(35): Illuminate\\Container\\BoundMethod::callBoundMethod(Object(Illuminate\\Foundation\\Application), Array, Object(Closure))
#24 D:\\xampp\\htdocs\\inventory\\vendor\\laravel\\framework\\src\\Illuminate\\Container\\Container.php(653): Illuminate\\Container\\BoundMethod::call(Object(Illuminate\\Foundation\\Application), Array, Array, NULL)
#25 D:\\xampp\\htdocs\\inventory\\vendor\\laravel\\framework\\src\\Illuminate\\Console\\Command.php(136): Illuminate\\Container\\Container->call(Array)
#26 D:\\xampp\\htdocs\\inventory\\vendor\\symfony\\console\\Command\\Command.php(298): Illuminate\\Console\\Command->execute(Object(Symfony\\Component\\Console\\Input\\ArgvInput), Object(Illuminate\\Console\\OutputStyle))
#27 D:\\xampp\\htdocs\\inventory\\vendor\\laravel\\framework\\src\\Illuminate\\Console\\Command.php(120): Symfony\\Component\\Console\\Command\\Command->run(Object(Symfony\\Component\\Console\\Input\\ArgvInput), Object(Illuminate\\Console\\OutputStyle))
#28 D:\\xampp\\htdocs\\inventory\\vendor\\symfony\\console\\Application.php(1040): Illuminate\\Console\\Command->run(Object(Symfony\\Component\\Console\\Input\\ArgvInput), Object(Symfony\\Component\\Console\\Output\\ConsoleOutput))
#29 D:\\xampp\\htdocs\\inventory\\vendor\\symfony\\console\\Application.php(301): Symfony\\Component\\Console\\Application->doRunCommand(Object(Illuminate\\Database\\Console\\Migrations\\MigrateCommand), Object(Symfony\\Component\\Console\\Input\\ArgvInput), Object(Symfony\\Component\\Console\\Output\\ConsoleOutput))
#30 D:\\xampp\\htdocs\\inventory\\vendor\\symfony\\console\\Application.php(171): Symfony\\Component\\Console\\Application->doRun(Object(Symfony\\Component\\Console\\Input\\ArgvInput), Object(Symfony\\Component\\Console\\Output\\ConsoleOutput))
#31 D:\\xampp\\htdocs\\inventory\\vendor\\laravel\\framework\\src\\Illuminate\\Console\\Application.php(94): Symfony\\Component\\Console\\Application->run(Object(Symfony\\Component\\Console\\Input\\ArgvInput), Object(Symfony\\Component\\Console\\Output\\ConsoleOutput))
#32 D:\\xampp\\htdocs\\inventory\\vendor\\laravel\\framework\\src\\Illuminate\\Foundation\\Console\\Kernel.php(129): Illuminate\\Console\\Application->run(Object(Symfony\\Component\\Console\\Input\\ArgvInput), Object(Symfony\\Component\\Console\\Output\\ConsoleOutput))
#33 D:\\xampp\\htdocs\\inventory\\artisan(35): Illuminate\\Foundation\\Console\\Kernel->handle(Object(Symfony\\Component\\Console\\Input\\ArgvInput), Object(Symfony\\Component\\Console\\Output\\ConsoleOutput))
#34 {main}

[previous exception] [object] (PDOException(code: 0): could not find driver at D:\\xampp\\htdocs\\inventory\\vendor\\doctrine\\dbal\\lib\\Doctrine\\DBAL\\Driver\\PDOConnection.php:40)
[stacktrace]
#0 D:\\xampp\\htdocs\\inventory\\vendor\\doctrine\\dbal\\lib\\Doctrine\\DBAL\\Driver\\PDOConnection.php(40): PDO->__construct('mysql:host=127....', 'root', Object(SensitiveParameterValue), Array)
#1 D:\\xampp\\htdocs\\inventory\\vendor\\laravel\\framework\\src\\Illuminate\\Database\\Connectors\\Connector.php(67): Doctrine\\DBAL\\Driver\\PDOConnection->__construct('mysql:host=127....', 'root', '', Array)
#2 D:\\xampp\\htdocs\\inventory\\vendor\\laravel\\framework\\src\\Illuminate\\Database\\Connectors\\Connector.php(45): Illuminate\\Database\\Connectors\\Connector->createPdoConnection('mysql:host=127....', 'root', '', Array)
#3 D:\\xampp\\htdocs\\inventory\\vendor\\laravel\\framework\\src\\Illuminate\\Database\\Connectors\\MySqlConnector.php(24): Illuminate\\Database\\Connectors\\Connector->createConnection('mysql:host=127....', Array, Array)
#4 D:\\xampp\\htdocs\\inventory\\vendor\\laravel\\framework\\src\\Illuminate\\Database\\Connectors\\ConnectionFactory.php(184): Illuminate\\Database\\Connectors\\MySqlConnector->connect(Array)
#5 [internal function]: Illuminate\\Database\\Connectors\\ConnectionFactory->{closure:Illuminate\\Database\\Connectors\\ConnectionFactory::createPdoResolverWithHosts():179}()
#6 D:\\xampp\\htdocs\\inventory\\vendor\\laravel\\framework\\src\\Illuminate\\Database\\Connection.php(1064): call_user_func(Object(Closure))
#7 D:\\xampp\\htdocs\\inventory\\vendor\\laravel\\framework\\src\\Illuminate\\Database\\Connection.php(1100): Illuminate\\Database\\Connection->getPdo()
#8 D:\\xampp\\htdocs\\inventory\\vendor\\laravel\\framework\\src\\Illuminate\\Database\\Connection.php(442): Illuminate\\Database\\Connection->getReadPdo()
#9 D:\\xampp\\htdocs\\inventory\\vendor\\laravel\\framework\\src\\Illuminate\\Database\\Connection.php(368): Illuminate\\Database\\Connection->getPdoForSelect(true)
#10 D:\\xampp\\htdocs\\inventory\\vendor\\laravel\\framework\\src\\Illuminate\\Database\\Connection.php(705): Illuminate\\Database\\Connection->{closure:Illuminate\\Database\\Connection::select():359}('select * from i...', Array)
#11 D:\\xampp\\htdocs\\inventory\\vendor\\laravel\\framework\\src\\Illuminate\\Database\\Connection.php(672): Illuminate\\Database\\Connection->runQueryCallback('select * from i...', Array, Object(Closure))
#12 D:\\xampp\\htdocs\\inventory\\vendor\\laravel\\framework\\src\\Illuminate\\Database\\Connection.php(359): Illuminate\\Database\\Connection->run('select * from i...', Array, Object(Closure))
#13 D:\\xampp\\htdocs\\inventory\\vendor\\laravel\\framework\\src\\Illuminate\\Database\\Schema\\MySqlBuilder.php(43): Illuminate\\Database\\Connection->select('select * from i...', Array)
#14 D:\\xampp\\htdocs\\inventory\\vendor\\laravel\\framework\\src\\Illuminate\\Database\\Migrations\\DatabaseMigrationRepository.php(169): Illuminate\\Database\\Schema\\MySqlBuilder->hasTable('migrations')
#15 D:\\xampp\\htdocs\\inventory\\vendor\\laravel\\framework\\src\\Illuminate\\Database\\Migrations\\Migrator.php(673): Illuminate\\Database\\Migrations\\DatabaseMigrationRepository->repositoryExists()
#16 D:\\xampp\\htdocs\\inventory\\vendor\\laravel\\framework\\src\\Illuminate\\Database\\Console\\Migrations\\MigrateCommand.php(110): Illuminate\\Database\\Migrations\\Migrator->repositoryExists()
#17 D:\\xampp\\htdocs\\inventory\\vendor\\laravel\\framework\\src\\Illuminate\\Database\\Console\\Migrations\\MigrateCommand.php(78): Illuminate\\Database\\Console\\Migrations\\MigrateCommand->prepareDatabase()
#18 D:\\xampp\\htdocs\\inventory\\vendor\\laravel\\framework\\src\\Illuminate\\Database\\Migrations\\Migrator.php(606): Illuminate\\Database\\Console\\Migrations\\MigrateCommand->{closure:Illuminate\\Database\\Console\\Migrations\\MigrateCommand::handle():77}()
#19 D:\\xampp\\htdocs\\inventory\\vendor\\laravel\\framework\\src\\Illuminate\\Database\\Console\\Migrations\\MigrateCommand.php(77): Illuminate\\Database\\Migrations\\Migrator->usingConnection(NULL, Object(Closure))
#20 D:\\xampp\\htdocs\\inventory\\vendor\\laravel\\framework\\src\\Illuminate\\Container\\BoundMethod.php(36): Illuminate\\Database\\Console\\Migrations\\MigrateCommand->handle()
#21 D:\\xampp\\htdocs\\inventory\\vendor\\laravel\\framework\\src\\Illuminate\\Container\\Util.php(40): Illuminate\\Container\\BoundMethod::{closure:Illuminate\\Container\\BoundMethod::call():35}()
#22 D:\\xampp\\htdocs\\inventory\\vendor\\laravel\\framework\\src\\Illuminate\\Container\\BoundMethod.php(93): Illuminate\\Container\\Util::unwrapIfClosure(Object(Closure))
#23 D:\\xampp\\htdocs\\inventory\\vendor\\laravel\\framework\\src\\Illuminate\\Container\\BoundMethod.php(35): Illuminate\\Container\\BoundMethod::callBoundMethod(Object(Illuminate\\Foundation\\Application), Array, Object(Closure))
#24 D:\\xampp\\htdocs\\inventory\\vendor\\laravel\\framework\\src\\Illuminate\\Container\\Container.php(653): Illuminate\\Container\\BoundMethod::call(Object(Illuminate\\Foundation\\Application), Array, Array, NULL)
#25 D:\\xampp\\htdocs\\inventory\\vendor\\laravel\\framework\\src\\Illuminate\\Console\\Command.php(136): Illuminate\\Container\\Container->call(Array)
#26 D:\\xampp\\htdocs\\inventory\\vendor\\symfony\\console\\Command\\Command.php(298): Illuminate\\Console\\Command->execute(Object(Symfony\\Component\\Console\\Input\\ArgvInput), Object(Illuminate\\Console\\OutputStyle))
#27 D:\\xampp\\htdocs\\inventory\\vendor\\laravel\\framework\\src\\Illuminate\\Console\\Command.php(120): Symfony\\Component\\Console\\Command\\Command->run(Object(Symfony\\Component\\Console\\Input\\ArgvInput), Object(Illuminate\\Console\\OutputStyle))
#28 D:\\xampp\\htdocs\\inventory\\vendor\\symfony\\console\\Application.php(1040): Illuminate\\Console\\Command->run(Object(Symfony\\Component\\Console\\Input\\ArgvInput), Object(Symfony\\Component\\Console\\Output\\ConsoleOutput))
#29 D:\\xampp\\htdocs\\inventory\\vendor\\symfony\\console\\Application.php(301): Symfony\\Component\\Console\\Application->doRunCommand(Object(Illuminate\\Database\\Console\\Migrations\\MigrateCommand), Object(Symfony\\Component\\Console\\Input\\ArgvInput), Object(Symfony\\Component\\Console\\Output\\ConsoleOutput))
#30 D:\\xampp\\htdocs\\inventory\\vendor\\symfony\\console\\Application.php(171): Symfony\\Component\\Console\\Application->doRun(Object(Symfony\\Component\\Console\\Input\\ArgvInput), Object(Symfony\\Component\\Console\\Output\\ConsoleOutput))
#31 D:\\xampp\\htdocs\\inventory\\vendor\\laravel\\framework\\src\\Illuminate\\Console\\Application.php(94): Symfony\\Component\\Console\\Application->run(Object(Symfony\\Component\\Console\\Input\\ArgvInput), Object(Symfony\\Component\\Console\\Output\\ConsoleOutput))
#32 D:\\xampp\\htdocs\\inventory\\vendor\\laravel\\framework\\src\\Illuminate\\Foundation\\Console\\Kernel.php(129): Illuminate\\Console\\Application->run(Object(Symfony\\Component\\Console\\Input\\ArgvInput), Object(Symfony\\Component\\Console\\Output\\ConsoleOutput))
#33 D:\\xampp\\htdocs\\inventory\\artisan(35): Illuminate\\Foundation\\Console\\Kernel->handle(Object(Symfony\\Component\\Console\\Input\\ArgvInput), Object(Symfony\\Component\\Console\\Output\\ConsoleOutput))
#34 {main}
"} 
[2025-11-20 15:32:44] local.ERROR: could not find driver (SQL: select * from information_schema.tables where table_schema = inventory and table_name = migrations and table_type = 'BASE TABLE') {"exception":"[object] (Illuminate\\Database\\QueryException(code: 0): could not find driver (SQL: select * from information_schema.tables where table_schema = inventory and table_name = migrations and table_type = 'BASE TABLE') at D:\\xampp\\htdocs\\inventory\\vendor\\laravel\\framework\\src\\Illuminate\\Database\\Connection.php:712)
[stacktrace]
#0 D:\\xampp\\htdocs\\inventory\\vendor\\laravel\\framework\\src\\Illuminate\\Database\\Connection.php(672): Illuminate\\Database\\Connection->runQueryCallback('select * from i...', Array, Object(Closure))
#1 D:\\xampp\\htdocs\\inventory\\vendor\\laravel\\framework\\src\\Illuminate\\Database\\Connection.php(359): Illuminate\\Database\\Connection->run('select * from i...', Array, Object(Closure))
#2 D:\\xampp\\htdocs\\inventory\\vendor\\laravel\\framework\\src\\Illuminate\\Database\\Schema\\MySqlBuilder.php(43): Illuminate\\Database\\Connection->select('select * from i...', Array)
#3 D:\\xampp\\htdocs\\inventory\\vendor\\laravel\\framework\\src\\Illuminate\\Database\\Migrations\\DatabaseMigrationRepository.php(169): Illuminate\\Database\\Schema\\MySqlBuilder->hasTable('migrations')
#4 D:\\xampp\\htdocs\\inventory\\vendor\\laravel\\framework\\src\\Illuminate\\Database\\Migrations\\Migrator.php(673): Illuminate\\Database\\Migrations\\DatabaseMigrationRepository->repositoryExists()
#5 D:\\xampp\\htdocs\\inventory\\vendor\\laravel\\framework\\src\\Illuminate\\Database\\Console\\Migrations\\MigrateCommand.php(110): Illuminate\\Database\\Migrations\\Migrator->repositoryExists()
#6 D:\\xampp\\htdocs\\inventory\\vendor\\laravel\\framework\\src\\Illuminate\\Database\\Console\\Migrations\\MigrateCommand.php(78): Illuminate\\Database\\Console\\Migrations\\MigrateCommand->prepareDatabase()
#7 D:\\xampp\\htdocs\\inventory\\vendor\\laravel\\framework\\src\\Illuminate\\Database\\Migrations\\Migrator.php(606): Illuminate\\Database\\Console\\Migrations\\MigrateCommand->{closure:Illuminate\\Database\\Console\\Migrations\\MigrateCommand::handle():77}()
#8 D:\\xampp\\htdocs\\inventory\\vendor\\laravel\\framework\\src\\Illuminate\\Database\\Console\\Migrations\\MigrateCommand.php(77): Illuminate\\Database\\Migrations\\Migrator->usingConnection(NULL, Object(Closure))
#9 D:\\xampp\\htdocs\\inventory\\vendor\\laravel\\framework\\src\\Illuminate\\Container\\BoundMethod.php(36): Illuminate\\Database\\Console\\Migrations\\MigrateCommand->handle()
#10 D:\\xampp\\htdocs\\inventory\\vendor\\laravel\\framework\\src\\Illuminate\\Container\\Util.php(40): Illuminate\\Container\\BoundMethod::{closure:Illuminate\\Container\\BoundMethod::call():35}()
#11 D:\\xampp\\htdocs\\inventory\\vendor\\laravel\\framework\\src\\Illuminate\\Container\\BoundMethod.php(93): Illuminate\\Container\\Util::unwrapIfClosure(Object(Closure))
#12 D:\\xampp\\htdocs\\inventory\\vendor\\laravel\\framework\\src\\Illuminate\\Container\\BoundMethod.php(35): Illuminate\\Container\\BoundMethod::callBoundMethod(Object(Illuminate\\Foundation\\Application), Array, Object(Closure))
#13 D:\\xampp\\htdocs\\inventory\\vendor\\laravel\\framework\\src\\Illuminate\\Container\\Container.php(653): Illuminate\\Container\\BoundMethod::call(Object(Illuminate\\Foundation\\Application), Array, Array, NULL)
#14 D:\\xampp\\htdocs\\inventory\\vendor\\laravel\\framework\\src\\Illuminate\\Console\\Command.php(136): Illuminate\\Container\\Container->call(Array)
#15 D:\\xampp\\htdocs\\inventory\\vendor\\symfony\\console\\Command\\Command.php(298): Illuminate\\Console\\Command->execute(Object(Symfony\\Component\\Console\\Input\\ArgvInput), Object(Illuminate\\Console\\OutputStyle))
#16 D:\\xampp\\htdocs\\inventory\\vendor\\laravel\\framework\\src\\Illuminate\\Console\\Command.php(120): Symfony\\Component\\Console\\Command\\Command->run(Object(Symfony\\Component\\Console\\Input\\ArgvInput), Object(Illuminate\\Console\\OutputStyle))
#17 D:\\xampp\\htdocs\\inventory\\vendor\\symfony\\console\\Application.php(1040): Illuminate\\Console\\Command->run(Object(Symfony\\Component\\Console\\Input\\ArgvInput), Object(Symfony\\Component\\Console\\Output\\ConsoleOutput))
#18 D:\\xampp\\htdocs\\inventory\\vendor\\symfony\\console\\Application.php(301): Symfony\\Component\\Console\\Application->doRunCommand(Object(Illuminate\\Database\\Console\\Migrations\\MigrateCommand), Object(Symfony\\Component\\Console\\Input\\ArgvInput), Object(Symfony\\Component\\Console\\Output\\ConsoleOutput))
#19 D:\\xampp\\htdocs\\inventory\\vendor\\symfony\\console\\Application.php(171): Symfony\\Component\\Console\\Application->doRun(Object(Symfony\\Component\\Console\\Input\\ArgvInput), Object(Symfony\\Component\\Console\\Output\\ConsoleOutput))
#20 D:\\xampp\\htdocs\\inventory\\vendor\\laravel\\framework\\src\\Illuminate\\Console\\Application.php(94): Symfony\\Component\\Console\\Application->run(Object(Symfony\\Component\\Console\\Input\\ArgvInput), Object(Symfony\\Component\\Console\\Output\\ConsoleOutput))
#21 D:\\xampp\\htdocs\\inventory\\vendor\\laravel\\framework\\src\\Illuminate\\Foundation\\Console\\Kernel.php(129): Illuminate\\Console\\Application->run(Object(Symfony\\Component\\Console\\Input\\ArgvInput), Object(Symfony\\Component\\Console\\Output\\ConsoleOutput))
#22 D:\\xampp\\htdocs\\inventory\\artisan(35): Illuminate\\Foundation\\Console\\Kernel->handle(Object(Symfony\\Component\\Console\\Input\\ArgvInput), Object(Symfony\\Component\\Console\\Output\\ConsoleOutput))
#23 {main}

[previous exception] [object] (Doctrine\\DBAL\\Driver\\PDO\\Exception(code: 0): could not find driver at D:\\xampp\\htdocs\\inventory\\vendor\\doctrine\\dbal\\lib\\Doctrine\\DBAL\\Driver\\PDO\\Exception.php:18)
[stacktrace]
#0 D:\\xampp\\htdocs\\inventory\\vendor\\doctrine\\dbal\\lib\\Doctrine\\DBAL\\Driver\\PDOConnection.php(44): Doctrine\\DBAL\\Driver\\PDO\\Exception::new(Object(PDOException))
#1 D:\\xampp\\htdocs\\inventory\\vendor\\laravel\\framework\\src\\Illuminate\\Database\\Connectors\\Connector.php(67): Doctrine\\DBAL\\Driver\\PDOConnection->__construct('mysql:host=127....', 'root', '', Array)
#2 D:\\xampp\\htdocs\\inventory\\vendor\\laravel\\framework\\src\\Illuminate\\Database\\Connectors\\Connector.php(45): Illuminate\\Database\\Connectors\\Connector->createPdoConnection('mysql:host=127....', 'root', '', Array)
#3 D:\\xampp\\htdocs\\inventory\\vendor\\laravel\\framework\\src\\Illuminate\\Database\\Connectors\\MySqlConnector.php(24): Illuminate\\Database\\Connectors\\Connector->createConnection('mysql:host=127....', Array, Array)
#4 D:\\xampp\\htdocs\\inventory\\vendor\\laravel\\framework\\src\\Illuminate\\Database\\Connectors\\ConnectionFactory.php(184): Illuminate\\Database\\Connectors\\MySqlConnector->connect(Array)
#5 [internal function]: Illuminate\\Database\\Connectors\\ConnectionFactory->{closure:Illuminate\\Database\\Connectors\\ConnectionFactory::createPdoResolverWithHosts():179}()
#6 D:\\xampp\\htdocs\\inventory\\vendor\\laravel\\framework\\src\\Illuminate\\Database\\Connection.php(1064): call_user_func(Object(Closure))
#7 D:\\xampp\\htdocs\\inventory\\vendor\\laravel\\framework\\src\\Illuminate\\Database\\Connection.php(1100): Illuminate\\Database\\Connection->getPdo()
#8 D:\\xampp\\htdocs\\inventory\\vendor\\laravel\\framework\\src\\Illuminate\\Database\\Connection.php(442): Illuminate\\Database\\Connection->getReadPdo()
#9 D:\\xampp\\htdocs\\inventory\\vendor\\laravel\\framework\\src\\Illuminate\\Database\\Connection.php(368): Illuminate\\Database\\Connection->getPdoForSelect(true)
#10 D:\\xampp\\htdocs\\inventory\\vendor\\laravel\\framework\\src\\Illuminate\\Database\\Connection.php(705): Illuminate\\Database\\Connection->{closure:Illuminate\\Database\\Connection::select():359}('select * from i...', Array)
#11 D:\\xampp\\htdocs\\inventory\\vendor\\laravel\\framework\\src\\Illuminate\\Database\\Connection.php(672): Illuminate\\Database\\Connection->runQueryCallback('select * from i...', Array, Object(Closure))
#12 D:\\xampp\\htdocs\\inventory\\vendor\\laravel\\framework\\src\\Illuminate\\Database\\Connection.php(359): Illuminate\\Database\\Connection->run('select * from i...', Array, Object(Closure))
#13 D:\\xampp\\htdocs\\inventory\\vendor\\laravel\\framework\\src\\Illuminate\\Database\\Schema\\MySqlBuilder.php(43): Illuminate\\Database\\Connection->select('select * from i...', Array)
#14 D:\\xampp\\htdocs\\inventory\\vendor\\laravel\\framework\\src\\Illuminate\\Database\\Migrations\\DatabaseMigrationRepository.php(169): Illuminate\\Database\\Schema\\MySqlBuilder->hasTable('migrations')
#15 D:\\xampp\\htdocs\\inventory\\vendor\\laravel\\framework\\src\\Illuminate\\Database\\Migrations\\Migrator.php(673): Illuminate\\Database\\Migrations\\DatabaseMigrationRepository->repositoryExists()
#16 D:\\xampp\\htdocs\\inventory\\vendor\\laravel\\framework\\src\\Illuminate\\Database\\Console\\Migrations\\MigrateCommand.php(110): Illuminate\\Database\\Migrations\\Migrator->repositoryExists()
#17 D:\\xampp\\htdocs\\inventory\\vendor\\laravel\\framework\\src\\Illuminate\\Database\\Console\\Migrations\\MigrateCommand.php(78): Illuminate\\Database\\Console\\Migrations\\MigrateCommand->prepareDatabase()
#18 D:\\xampp\\htdocs\\inventory\\vendor\\laravel\\framework\\src\\Illuminate\\Database\\Migrations\\Migrator.php(606): Illuminate\\Database\\Console\\Migrations\\MigrateCommand->{closure:Illuminate\\Database\\Console\\Migrations\\MigrateCommand::handle():77}()
#19 D:\\xampp\\htdocs\\inventory\\vendor\\laravel\\framework\\src\\Illuminate\\Database\\Console\\Migrations\\MigrateCommand.php(77): Illuminate\\Database\\Migrations\\Migrator->usingConnection(NULL, Object(Closure))
#20 D:\\xampp\\htdocs\\inventory\\vendor\\laravel\\framework\\src\\Illuminate\\Container\\BoundMethod.php(36): Illuminate\\Database\\Console\\Migrations\\MigrateCommand->handle()
#21 D:\\xampp\\htdocs\\inventory\\vendor\\laravel\\framework\\src\\Illuminate\\Container\\Util.php(40): Illuminate\\Container\\BoundMethod::{closure:Illuminate\\Container\\BoundMethod::call():35}()
#22 D:\\xampp\\htdocs\\inventory\\vendor\\laravel\\framework\\src\\Illuminate\\Container\\BoundMethod.php(93): Illuminate\\Container\\Util::unwrapIfClosure(Object(Closure))
#23 D:\\xampp\\htdocs\\inventory\\vendor\\laravel\\framework\\src\\Illuminate\\Container\\BoundMethod.php(35): Illuminate\\Container\\BoundMethod::callBoundMethod(Object(Illuminate\\Foundation\\Application), Array, Object(Closure))
#24 D:\\xampp\\htdocs\\inventory\\vendor\\laravel\\framework\\src\\Illuminate\\Container\\Container.php(653): Illuminate\\Container\\BoundMethod::call(Object(Illuminate\\Foundation\\Application), Array, Array, NULL)
#25 D:\\xampp\\htdocs\\inventory\\vendor\\laravel\\framework\\src\\Illuminate\\Console\\Command.php(136): Illuminate\\Container\\Container->call(Array)
#26 D:\\xampp\\htdocs\\inventory\\vendor\\symfony\\console\\Command\\Command.php(298): Illuminate\\Console\\Command->execute(Object(Symfony\\Component\\Console\\Input\\ArgvInput), Object(Illuminate\\Console\\OutputStyle))
#27 D:\\xampp\\htdocs\\inventory\\vendor\\laravel\\framework\\src\\Illuminate\\Console\\Command.php(120): Symfony\\Component\\Console\\Command\\Command->run(Object(Symfony\\Component\\Console\\Input\\ArgvInput), Object(Illuminate\\Console\\OutputStyle))
#28 D:\\xampp\\htdocs\\inventory\\vendor\\symfony\\console\\Application.php(1040): Illuminate\\Console\\Command->run(Object(Symfony\\Component\\Console\\Input\\ArgvInput), Object(Symfony\\Component\\Console\\Output\\ConsoleOutput))
#29 D:\\xampp\\htdocs\\inventory\\vendor\\symfony\\console\\Application.php(301): Symfony\\Component\\Console\\Application->doRunCommand(Object(Illuminate\\Database\\Console\\Migrations\\MigrateCommand), Object(Symfony\\Component\\Console\\Input\\ArgvInput), Object(Symfony\\Component\\Console\\Output\\ConsoleOutput))
#30 D:\\xampp\\htdocs\\inventory\\vendor\\symfony\\console\\Application.php(171): Symfony\\Component\\Console\\Application->doRun(Object(Symfony\\Component\\Console\\Input\\ArgvInput), Object(Symfony\\Component\\Console\\Output\\ConsoleOutput))
#31 D:\\xampp\\htdocs\\inventory\\vendor\\laravel\\framework\\src\\Illuminate\\Console\\Application.php(94): Symfony\\Component\\Console\\Application->run(Object(Symfony\\Component\\Console\\Input\\ArgvInput), Object(Symfony\\Component\\Console\\Output\\ConsoleOutput))
#32 D:\\xampp\\htdocs\\inventory\\vendor\\laravel\\framework\\src\\Illuminate\\Foundation\\Console\\Kernel.php(129): Illuminate\\Console\\Application->run(Object(Symfony\\Component\\Console\\Input\\ArgvInput), Object(Symfony\\Component\\Console\\Output\\ConsoleOutput))
#33 D:\\xampp\\htdocs\\inventory\\artisan(35): Illuminate\\Foundation\\Console\\Kernel->handle(Object(Symfony\\Component\\Console\\Input\\ArgvInput), Object(Symfony\\Component\\Console\\Output\\ConsoleOutput))
#34 {main}

[previous exception] [object] (PDOException(code: 0): could not find driver at D:\\xampp\\htdocs\\inventory\\vendor\\doctrine\\dbal\\lib\\Doctrine\\DBAL\\Driver\\PDOConnection.php:40)
[stacktrace]
#0 D:\\xampp\\htdocs\\inventory\\vendor\\doctrine\\dbal\\lib\\Doctrine\\DBAL\\Driver\\PDOConnection.php(40): PDO->__construct('mysql:host=127....', 'root', Object(SensitiveParameterValue), Array)
#1 D:\\xampp\\htdocs\\inventory\\vendor\\laravel\\framework\\src\\Illuminate\\Database\\Connectors\\Connector.php(67): Doctrine\\DBAL\\Driver\\PDOConnection->__construct('mysql:host=127....', 'root', '', Array)
#2 D:\\xampp\\htdocs\\inventory\\vendor\\laravel\\framework\\src\\Illuminate\\Database\\Connectors\\Connector.php(45): Illuminate\\Database\\Connectors\\Connector->createPdoConnection('mysql:host=127....', 'root', '', Array)
#3 D:\\xampp\\htdocs\\inventory\\vendor\\laravel\\framework\\src\\Illuminate\\Database\\Connectors\\MySqlConnector.php(24): Illuminate\\Database\\Connectors\\Connector->createConnection('mysql:host=127....', Array, Array)
#4 D:\\xampp\\htdocs\\inventory\\vendor\\laravel\\framework\\src\\Illuminate\\Database\\Connectors\\ConnectionFactory.php(184): Illuminate\\Database\\Connectors\\MySqlConnector->connect(Array)
#5 [internal function]: Illuminate\\Database\\Connectors\\ConnectionFactory->{closure:Illuminate\\Database\\Connectors\\ConnectionFactory::createPdoResolverWithHosts():179}()
#6 D:\\xampp\\htdocs\\inventory\\vendor\\laravel\\framework\\src\\Illuminate\\Database\\Connection.php(1064): call_user_func(Object(Closure))
#7 D:\\xampp\\htdocs\\inventory\\vendor\\laravel\\framework\\src\\Illuminate\\Database\\Connection.php(1100): Illuminate\\Database\\Connection->getPdo()
#8 D:\\xampp\\htdocs\\inventory\\vendor\\laravel\\framework\\src\\Illuminate\\Database\\Connection.php(442): Illuminate\\Database\\Connection->getReadPdo()
#9 D:\\xampp\\htdocs\\inventory\\vendor\\laravel\\framework\\src\\Illuminate\\Database\\Connection.php(368): Illuminate\\Database\\Connection->getPdoForSelect(true)
#10 D:\\xampp\\htdocs\\inventory\\vendor\\laravel\\framework\\src\\Illuminate\\Database\\Connection.php(705): Illuminate\\Database\\Connection->{closure:Illuminate\\Database\\Connection::select():359}('select * from i...', Array)
#11 D:\\xampp\\htdocs\\inventory\\vendor\\laravel\\framework\\src\\Illuminate\\Database\\Connection.php(672): Illuminate\\Database\\Connection->runQueryCallback('select * from i...', Array, Object(Closure))
#12 D:\\xampp\\htdocs\\inventory\\vendor\\laravel\\framework\\src\\Illuminate\\Database\\Connection.php(359): Illuminate\\Database\\Connection->run('select * from i...', Array, Object(Closure))
#13 D:\\xampp\\htdocs\\inventory\\vendor\\laravel\\framework\\src\\Illuminate\\Database\\Schema\\MySqlBuilder.php(43): Illuminate\\Database\\Connection->select('select * from i...', Array)
#14 D:\\xampp\\htdocs\\inventory\\vendor\\laravel\\framework\\src\\Illuminate\\Database\\Migrations\\DatabaseMigrationRepository.php(169): Illuminate\\Database\\Schema\\MySqlBuilder->hasTable('migrations')
#15 D:\\xampp\\htdocs\\inventory\\vendor\\laravel\\framework\\src\\Illuminate\\Database\\Migrations\\Migrator.php(673): Illuminate\\Database\\Migrations\\DatabaseMigrationRepository->repositoryExists()
#16 D:\\xampp\\htdocs\\inventory\\vendor\\laravel\\framework\\src\\Illuminate\\Database\\Console\\Migrations\\MigrateCommand.php(110): Illuminate\\Database\\Migrations\\Migrator->repositoryExists()
#17 D:\\xampp\\htdocs\\inventory\\vendor\\laravel\\framework\\src\\Illuminate\\Database\\Console\\Migrations\\MigrateCommand.php(78): Illuminate\\Database\\Console\\Migrations\\MigrateCommand->prepareDatabase()
#18 D:\\xampp\\htdocs\\inventory\\vendor\\laravel\\framework\\src\\Illuminate\\Database\\Migrations\\Migrator.php(606): Illuminate\\Database\\Console\\Migrations\\MigrateCommand->{closure:Illuminate\\Database\\Console\\Migrations\\MigrateCommand::handle():77}()
#19 D:\\xampp\\htdocs\\inventory\\vendor\\laravel\\framework\\src\\Illuminate\\Database\\Console\\Migrations\\MigrateCommand.php(77): Illuminate\\Database\\Migrations\\Migrator->usingConnection(NULL, Object(Closure))
#20 D:\\xampp\\htdocs\\inventory\\vendor\\laravel\\framework\\src\\Illuminate\\Container\\BoundMethod.php(36): Illuminate\\Database\\Console\\Migrations\\MigrateCommand->handle()
#21 D:\\xampp\\htdocs\\inventory\\vendor\\laravel\\framework\\src\\Illuminate\\Container\\Util.php(40): Illuminate\\Container\\BoundMethod::{closure:Illuminate\\Container\\BoundMethod::call():35}()
#22 D:\\xampp\\htdocs\\inventory\\vendor\\laravel\\framework\\src\\Illuminate\\Container\\BoundMethod.php(93): Illuminate\\Container\\Util::unwrapIfClosure(Object(Closure))
#23 D:\\xampp\\htdocs\\inventory\\vendor\\laravel\\framework\\src\\Illuminate\\Container\\BoundMethod.php(35): Illuminate\\Container\\BoundMethod::callBoundMethod(Object(Illuminate\\Foundation\\Application), Array, Object(Closure))
#24 D:\\xampp\\htdocs\\inventory\\vendor\\laravel\\framework\\src\\Illuminate\\Container\\Container.php(653): Illuminate\\Container\\BoundMethod::call(Object(Illuminate\\Foundation\\Application), Array, Array, NULL)
#25 D:\\xampp\\htdocs\\inventory\\vendor\\laravel\\framework\\src\\Illuminate\\Console\\Command.php(136): Illuminate\\Container\\Container->call(Array)
#26 D:\\xampp\\htdocs\\inventory\\vendor\\symfony\\console\\Command\\Command.php(298): Illuminate\\Console\\Command->execute(Object(Symfony\\Component\\Console\\Input\\ArgvInput), Object(Illuminate\\Console\\OutputStyle))
#27 D:\\xampp\\htdocs\\inventory\\vendor\\laravel\\framework\\src\\Illuminate\\Console\\Command.php(120): Symfony\\Component\\Console\\Command\\Command->run(Object(Symfony\\Component\\Console\\Input\\ArgvInput), Object(Illuminate\\Console\\OutputStyle))
#28 D:\\xampp\\htdocs\\inventory\\vendor\\symfony\\console\\Application.php(1040): Illuminate\\Console\\Command->run(Object(Symfony\\Component\\Console\\Input\\ArgvInput), Object(Symfony\\Component\\Console\\Output\\ConsoleOutput))
#29 D:\\xampp\\htdocs\\inventory\\vendor\\symfony\\console\\Application.php(301): Symfony\\Component\\Console\\Application->doRunCommand(Object(Illuminate\\Database\\Console\\Migrations\\MigrateCommand), Object(Symfony\\Component\\Console\\Input\\ArgvInput), Object(Symfony\\Component\\Console\\Output\\ConsoleOutput))
#30 D:\\xampp\\htdocs\\inventory\\vendor\\symfony\\console\\Application.php(171): Symfony\\Component\\Console\\Application->doRun(Object(Symfony\\Component\\Console\\Input\\ArgvInput), Object(Symfony\\Component\\Console\\Output\\ConsoleOutput))
#31 D:\\xampp\\htdocs\\inventory\\vendor\\laravel\\framework\\src\\Illuminate\\Console\\Application.php(94): Symfony\\Component\\Console\\Application->run(Object(Symfony\\Component\\Console\\Input\\ArgvInput), Object(Symfony\\Component\\Console\\Output\\ConsoleOutput))
#32 D:\\xampp\\htdocs\\inventory\\vendor\\laravel\\framework\\src\\Illuminate\\Foundation\\Console\\Kernel.php(129): Illuminate\\Console\\Application->run(Object(Symfony\\Component\\Console\\Input\\ArgvInput), Object(Symfony\\Component\\Console\\Output\\ConsoleOutput))
#33 D:\\xampp\\htdocs\\inventory\\artisan(35): Illuminate\\Foundation\\Console\\Kernel->handle(Object(Symfony\\Component\\Console\\Input\\ArgvInput), Object(Symfony\\Component\\Console\\Output\\ConsoleOutput))
#34 {main}
"} 
[2025-11-20 15:33:07] local.ERROR: could not find driver (SQL: select * from information_schema.tables where table_schema = inventory and table_name = migrations and table_type = 'BASE TABLE') {"exception":"[object] (Illuminate\\Database\\QueryException(code: 0): could not find driver (SQL: select * from information_schema.tables where table_schema = inventory and table_name = migrations and table_type = 'BASE TABLE') at D:\\xampp\\htdocs\\inventory\\vendor\\laravel\\framework\\src\\Illuminate\\Database\\Connection.php:712)
[stacktrace]
#0 D:\\xampp\\htdocs\\inventory\\vendor\\laravel\\framework\\src\\Illuminate\\Database\\Connection.php(672): Illuminate\\Database\\Connection->runQueryCallback('select * from i...', Array, Object(Closure))
#1 D:\\xampp\\htdocs\\inventory\\vendor\\laravel\\framework\\src\\Illuminate\\Database\\Connection.php(359): Illuminate\\Database\\Connection->run('select * from i...', Array, Object(Closure))
#2 D:\\xampp\\htdocs\\inventory\\vendor\\laravel\\framework\\src\\Illuminate\\Database\\Schema\\MySqlBuilder.php(43): Illuminate\\Database\\Connection->select('select * from i...', Array)
#3 D:\\xampp\\htdocs\\inventory\\vendor\\laravel\\framework\\src\\Illuminate\\Database\\Migrations\\DatabaseMigrationRepository.php(169): Illuminate\\Database\\Schema\\MySqlBuilder->hasTable('migrations')
#4 D:\\xampp\\htdocs\\inventory\\vendor\\laravel\\framework\\src\\Illuminate\\Database\\Migrations\\Migrator.php(673): Illuminate\\Database\\Migrations\\DatabaseMigrationRepository->repositoryExists()
#5 D:\\xampp\\htdocs\\inventory\\vendor\\laravel\\framework\\src\\Illuminate\\Database\\Console\\Migrations\\MigrateCommand.php(110): Illuminate\\Database\\Migrations\\Migrator->repositoryExists()
#6 D:\\xampp\\htdocs\\inventory\\vendor\\laravel\\framework\\src\\Illuminate\\Database\\Console\\Migrations\\MigrateCommand.php(78): Illuminate\\Database\\Console\\Migrations\\MigrateCommand->prepareDatabase()
#7 D:\\xampp\\htdocs\\inventory\\vendor\\laravel\\framework\\src\\Illuminate\\Database\\Migrations\\Migrator.php(606): Illuminate\\Database\\Console\\Migrations\\MigrateCommand->{closure:Illuminate\\Database\\Console\\Migrations\\MigrateCommand::handle():77}()
#8 D:\\xampp\\htdocs\\inventory\\vendor\\laravel\\framework\\src\\Illuminate\\Database\\Console\\Migrations\\MigrateCommand.php(77): Illuminate\\Database\\Migrations\\Migrator->usingConnection(NULL, Object(Closure))
#9 D:\\xampp\\htdocs\\inventory\\vendor\\laravel\\framework\\src\\Illuminate\\Container\\BoundMethod.php(36): Illuminate\\Database\\Console\\Migrations\\MigrateCommand->handle()
#10 D:\\xampp\\htdocs\\inventory\\vendor\\laravel\\framework\\src\\Illuminate\\Container\\Util.php(40): Illuminate\\Container\\BoundMethod::{closure:Illuminate\\Container\\BoundMethod::call():35}()
#11 D:\\xampp\\htdocs\\inventory\\vendor\\laravel\\framework\\src\\Illuminate\\Container\\BoundMethod.php(93): Illuminate\\Container\\Util::unwrapIfClosure(Object(Closure))
#12 D:\\xampp\\htdocs\\inventory\\vendor\\laravel\\framework\\src\\Illuminate\\Container\\BoundMethod.php(35): Illuminate\\Container\\BoundMethod::callBoundMethod(Object(Illuminate\\Foundation\\Application), Array, Object(Closure))
#13 D:\\xampp\\htdocs\\inventory\\vendor\\laravel\\framework\\src\\Illuminate\\Container\\Container.php(653): Illuminate\\Container\\BoundMethod::call(Object(Illuminate\\Foundation\\Application), Array, Array, NULL)
#14 D:\\xampp\\htdocs\\inventory\\vendor\\laravel\\framework\\src\\Illuminate\\Console\\Command.php(136): Illuminate\\Container\\Container->call(Array)
#15 D:\\xampp\\htdocs\\inventory\\vendor\\symfony\\console\\Command\\Command.php(298): Illuminate\\Console\\Command->execute(Object(Symfony\\Component\\Console\\Input\\ArgvInput), Object(Illuminate\\Console\\OutputStyle))
#16 D:\\xampp\\htdocs\\inventory\\vendor\\laravel\\framework\\src\\Illuminate\\Console\\Command.php(120): Symfony\\Component\\Console\\Command\\Command->run(Object(Symfony\\Component\\Console\\Input\\ArgvInput), Object(Illuminate\\Console\\OutputStyle))
#17 D:\\xampp\\htdocs\\inventory\\vendor\\symfony\\console\\Application.php(1040): Illuminate\\Console\\Command->run(Object(Symfony\\Component\\Console\\Input\\ArgvInput), Object(Symfony\\Component\\Console\\Output\\ConsoleOutput))
#18 D:\\xampp\\htdocs\\inventory\\vendor\\symfony\\console\\Application.php(301): Symfony\\Component\\Console\\Application->doRunCommand(Object(Illuminate\\Database\\Console\\Migrations\\MigrateCommand), Object(Symfony\\Component\\Console\\Input\\ArgvInput), Object(Symfony\\Component\\Console\\Output\\ConsoleOutput))
#19 D:\\xampp\\htdocs\\inventory\\vendor\\symfony\\console\\Application.php(171): Symfony\\Component\\Console\\Application->doRun(Object(Symfony\\Component\\Console\\Input\\ArgvInput), Object(Symfony\\Component\\Console\\Output\\ConsoleOutput))
#20 D:\\xampp\\htdocs\\inventory\\vendor\\laravel\\framework\\src\\Illuminate\\Console\\Application.php(94): Symfony\\Component\\Console\\Application->run(Object(Symfony\\Component\\Console\\Input\\ArgvInput), Object(Symfony\\Component\\Console\\Output\\ConsoleOutput))
#21 D:\\xampp\\htdocs\\inventory\\vendor\\laravel\\framework\\src\\Illuminate\\Foundation\\Console\\Kernel.php(129): Illuminate\\Console\\Application->run(Object(Symfony\\Component\\Console\\Input\\ArgvInput), Object(Symfony\\Component\\Console\\Output\\ConsoleOutput))
#22 D:\\xampp\\htdocs\\inventory\\artisan(35): Illuminate\\Foundation\\Console\\Kernel->handle(Object(Symfony\\Component\\Console\\Input\\ArgvInput), Object(Symfony\\Component\\Console\\Output\\ConsoleOutput))
#23 {main}

[previous exception] [object] (Doctrine\\DBAL\\Driver\\PDO\\Exception(code: 0): could not find driver at D:\\xampp\\htdocs\\inventory\\vendor\\doctrine\\dbal\\lib\\Doctrine\\DBAL\\Driver\\PDO\\Exception.php:18)
[stacktrace]
#0 D:\\xampp\\htdocs\\inventory\\vendor\\doctrine\\dbal\\lib\\Doctrine\\DBAL\\Driver\\PDOConnection.php(44): Doctrine\\DBAL\\Driver\\PDO\\Exception::new(Object(PDOException))
#1 D:\\xampp\\htdocs\\inventory\\vendor\\laravel\\framework\\src\\Illuminate\\Database\\Connectors\\Connector.php(67): Doctrine\\DBAL\\Driver\\PDOConnection->__construct('mysql:host=127....', 'root', '', Array)
#2 D:\\xampp\\htdocs\\inventory\\vendor\\laravel\\framework\\src\\Illuminate\\Database\\Connectors\\Connector.php(45): Illuminate\\Database\\Connectors\\Connector->createPdoConnection('mysql:host=127....', 'root', '', Array)
#3 D:\\xampp\\htdocs\\inventory\\vendor\\laravel\\framework\\src\\Illuminate\\Database\\Connectors\\MySqlConnector.php(24): Illuminate\\Database\\Connectors\\Connector->createConnection('mysql:host=127....', Array, Array)
#4 D:\\xampp\\htdocs\\inventory\\vendor\\laravel\\framework\\src\\Illuminate\\Database\\Connectors\\ConnectionFactory.php(184): Illuminate\\Database\\Connectors\\MySqlConnector->connect(Array)
#5 [internal function]: Illuminate\\Database\\Connectors\\ConnectionFactory->{closure:Illuminate\\Database\\Connectors\\ConnectionFactory::createPdoResolverWithHosts():179}()
#6 D:\\xampp\\htdocs\\inventory\\vendor\\laravel\\framework\\src\\Illuminate\\Database\\Connection.php(1064): call_user_func(Object(Closure))
#7 D:\\xampp\\htdocs\\inventory\\vendor\\laravel\\framework\\src\\Illuminate\\Database\\Connection.php(1100): Illuminate\\Database\\Connection->getPdo()
#8 D:\\xampp\\htdocs\\inventory\\vendor\\laravel\\framework\\src\\Illuminate\\Database\\Connection.php(442): Illuminate\\Database\\Connection->getReadPdo()
#9 D:\\xampp\\htdocs\\inventory\\vendor\\laravel\\framework\\src\\Illuminate\\Database\\Connection.php(368): Illuminate\\Database\\Connection->getPdoForSelect(true)
#10 D:\\xampp\\htdocs\\inventory\\vendor\\laravel\\framework\\src\\Illuminate\\Database\\Connection.php(705): Illuminate\\Database\\Connection->{closure:Illuminate\\Database\\Connection::select():359}('select * from i...', Array)
#11 D:\\xampp\\htdocs\\inventory\\vendor\\laravel\\framework\\src\\Illuminate\\Database\\Connection.php(672): Illuminate\\Database\\Connection->runQueryCallback('select * from i...', Array, Object(Closure))
#12 D:\\xampp\\htdocs\\inventory\\vendor\\laravel\\framework\\src\\Illuminate\\Database\\Connection.php(359): Illuminate\\Database\\Connection->run('select * from i...', Array, Object(Closure))
#13 D:\\xampp\\htdocs\\inventory\\vendor\\laravel\\framework\\src\\Illuminate\\Database\\Schema\\MySqlBuilder.php(43): Illuminate\\Database\\Connection->select('select * from i...', Array)
#14 D:\\xampp\\htdocs\\inventory\\vendor\\laravel\\framework\\src\\Illuminate\\Database\\Migrations\\DatabaseMigrationRepository.php(169): Illuminate\\Database\\Schema\\MySqlBuilder->hasTable('migrations')
#15 D:\\xampp\\htdocs\\inventory\\vendor\\laravel\\framework\\src\\Illuminate\\Database\\Migrations\\Migrator.php(673): Illuminate\\Database\\Migrations\\DatabaseMigrationRepository->repositoryExists()
#16 D:\\xampp\\htdocs\\inventory\\vendor\\laravel\\framework\\src\\Illuminate\\Database\\Console\\Migrations\\MigrateCommand.php(110): Illuminate\\Database\\Migrations\\Migrator->repositoryExists()
#17 D:\\xampp\\htdocs\\inventory\\vendor\\laravel\\framework\\src\\Illuminate\\Database\\Console\\Migrations\\MigrateCommand.php(78): Illuminate\\Database\\Console\\Migrations\\MigrateCommand->prepareDatabase()
#18 D:\\xampp\\htdocs\\inventory\\vendor\\laravel\\framework\\src\\Illuminate\\Database\\Migrations\\Migrator.php(606): Illuminate\\Database\\Console\\Migrations\\MigrateCommand->{closure:Illuminate\\Database\\Console\\Migrations\\MigrateCommand::handle():77}()
#19 D:\\xampp\\htdocs\\inventory\\vendor\\laravel\\framework\\src\\Illuminate\\Database\\Console\\Migrations\\MigrateCommand.php(77): Illuminate\\Database\\Migrations\\Migrator->usingConnection(NULL, Object(Closure))
#20 D:\\xampp\\htdocs\\inventory\\vendor\\laravel\\framework\\src\\Illuminate\\Container\\BoundMethod.php(36): Illuminate\\Database\\Console\\Migrations\\MigrateCommand->handle()
#21 D:\\xampp\\htdocs\\inventory\\vendor\\laravel\\framework\\src\\Illuminate\\Container\\Util.php(40): Illuminate\\Container\\BoundMethod::{closure:Illuminate\\Container\\BoundMethod::call():35}()
#22 D:\\xampp\\htdocs\\inventory\\vendor\\laravel\\framework\\src\\Illuminate\\Container\\BoundMethod.php(93): Illuminate\\Container\\Util::unwrapIfClosure(Object(Closure))
#23 D:\\xampp\\htdocs\\inventory\\vendor\\laravel\\framework\\src\\Illuminate\\Container\\BoundMethod.php(35): Illuminate\\Container\\BoundMethod::callBoundMethod(Object(Illuminate\\Foundation\\Application), Array, Object(Closure))
#24 D:\\xampp\\htdocs\\inventory\\vendor\\laravel\\framework\\src\\Illuminate\\Container\\Container.php(653): Illuminate\\Container\\BoundMethod::call(Object(Illuminate\\Foundation\\Application), Array, Array, NULL)
#25 D:\\xampp\\htdocs\\inventory\\vendor\\laravel\\framework\\src\\Illuminate\\Console\\Command.php(136): Illuminate\\Container\\Container->call(Array)
#26 D:\\xampp\\htdocs\\inventory\\vendor\\symfony\\console\\Command\\Command.php(298): Illuminate\\Console\\Command->execute(Object(Symfony\\Component\\Console\\Input\\ArgvInput), Object(Illuminate\\Console\\OutputStyle))
#27 D:\\xampp\\htdocs\\inventory\\vendor\\laravel\\framework\\src\\Illuminate\\Console\\Command.php(120): Symfony\\Component\\Console\\Command\\Command->run(Object(Symfony\\Component\\Console\\Input\\ArgvInput), Object(Illuminate\\Console\\OutputStyle))
#28 D:\\xampp\\htdocs\\inventory\\vendor\\symfony\\console\\Application.php(1040): Illuminate\\Console\\Command->run(Object(Symfony\\Component\\Console\\Input\\ArgvInput), Object(Symfony\\Component\\Console\\Output\\ConsoleOutput))
#29 D:\\xampp\\htdocs\\inventory\\vendor\\symfony\\console\\Application.php(301): Symfony\\Component\\Console\\Application->doRunCommand(Object(Illuminate\\Database\\Console\\Migrations\\MigrateCommand), Object(Symfony\\Component\\Console\\Input\\ArgvInput), Object(Symfony\\Component\\Console\\Output\\ConsoleOutput))
#30 D:\\xampp\\htdocs\\inventory\\vendor\\symfony\\console\\Application.php(171): Symfony\\Component\\Console\\Application->doRun(Object(Symfony\\Component\\Console\\Input\\ArgvInput), Object(Symfony\\Component\\Console\\Output\\ConsoleOutput))
#31 D:\\xampp\\htdocs\\inventory\\vendor\\laravel\\framework\\src\\Illuminate\\Console\\Application.php(94): Symfony\\Component\\Console\\Application->run(Object(Symfony\\Component\\Console\\Input\\ArgvInput), Object(Symfony\\Component\\Console\\Output\\ConsoleOutput))
#32 D:\\xampp\\htdocs\\inventory\\vendor\\laravel\\framework\\src\\Illuminate\\Foundation\\Console\\Kernel.php(129): Illuminate\\Console\\Application->run(Object(Symfony\\Component\\Console\\Input\\ArgvInput), Object(Symfony\\Component\\Console\\Output\\ConsoleOutput))
#33 D:\\xampp\\htdocs\\inventory\\artisan(35): Illuminate\\Foundation\\Console\\Kernel->handle(Object(Symfony\\Component\\Console\\Input\\ArgvInput), Object(Symfony\\Component\\Console\\Output\\ConsoleOutput))
#34 {main}

[previous exception] [object] (PDOException(code: 0): could not find driver at D:\\xampp\\htdocs\\inventory\\vendor\\doctrine\\dbal\\lib\\Doctrine\\DBAL\\Driver\\PDOConnection.php:40)
[stacktrace]
#0 D:\\xampp\\htdocs\\inventory\\vendor\\doctrine\\dbal\\lib\\Doctrine\\DBAL\\Driver\\PDOConnection.php(40): PDO->__construct('mysql:host=127....', 'root', Object(SensitiveParameterValue), Array)
#1 D:\\xampp\\htdocs\\inventory\\vendor\\laravel\\framework\\src\\Illuminate\\Database\\Connectors\\Connector.php(67): Doctrine\\DBAL\\Driver\\PDOConnection->__construct('mysql:host=127....', 'root', '', Array)
#2 D:\\xampp\\htdocs\\inventory\\vendor\\laravel\\framework\\src\\Illuminate\\Database\\Connectors\\Connector.php(45): Illuminate\\Database\\Connectors\\Connector->createPdoConnection('mysql:host=127....', 'root', '', Array)
#3 D:\\xampp\\htdocs\\inventory\\vendor\\laravel\\framework\\src\\Illuminate\\Database\\Connectors\\MySqlConnector.php(24): Illuminate\\Database\\Connectors\\Connector->createConnection('mysql:host=127....', Array, Array)
#4 D:\\xampp\\htdocs\\inventory\\vendor\\laravel\\framework\\src\\Illuminate\\Database\\Connectors\\ConnectionFactory.php(184): Illuminate\\Database\\Connectors\\MySqlConnector->connect(Array)
#5 [internal function]: Illuminate\\Database\\Connectors\\ConnectionFactory->{closure:Illuminate\\Database\\Connectors\\ConnectionFactory::createPdoResolverWithHosts():179}()
#6 D:\\xampp\\htdocs\\inventory\\vendor\\laravel\\framework\\src\\Illuminate\\Database\\Connection.php(1064): call_user_func(Object(Closure))
#7 D:\\xampp\\htdocs\\inventory\\vendor\\laravel\\framework\\src\\Illuminate\\Database\\Connection.php(1100): Illuminate\\Database\\Connection->getPdo()
#8 D:\\xampp\\htdocs\\inventory\\vendor\\laravel\\framework\\src\\Illuminate\\Database\\Connection.php(442): Illuminate\\Database\\Connection->getReadPdo()
#9 D:\\xampp\\htdocs\\inventory\\vendor\\laravel\\framework\\src\\Illuminate\\Database\\Connection.php(368): Illuminate\\Database\\Connection->getPdoForSelect(true)
#10 D:\\xampp\\htdocs\\inventory\\vendor\\laravel\\framework\\src\\Illuminate\\Database\\Connection.php(705): Illuminate\\Database\\Connection->{closure:Illuminate\\Database\\Connection::select():359}('select * from i...', Array)
#11 D:\\xampp\\htdocs\\inventory\\vendor\\laravel\\framework\\src\\Illuminate\\Database\\Connection.php(672): Illuminate\\Database\\Connection->runQueryCallback('select * from i...', Array, Object(Closure))
#12 D:\\xampp\\htdocs\\inventory\\vendor\\laravel\\framework\\src\\Illuminate\\Database\\Connection.php(359): Illuminate\\Database\\Connection->run('select * from i...', Array, Object(Closure))
#13 D:\\xampp\\htdocs\\inventory\\vendor\\laravel\\framework\\src\\Illuminate\\Database\\Schema\\MySqlBuilder.php(43): Illuminate\\Database\\Connection->select('select * from i...', Array)
#14 D:\\xampp\\htdocs\\inventory\\vendor\\laravel\\framework\\src\\Illuminate\\Database\\Migrations\\DatabaseMigrationRepository.php(169): Illuminate\\Database\\Schema\\MySqlBuilder->hasTable('migrations')
#15 D:\\xampp\\htdocs\\inventory\\vendor\\laravel\\framework\\src\\Illuminate\\Database\\Migrations\\Migrator.php(673): Illuminate\\Database\\Migrations\\DatabaseMigrationRepository->repositoryExists()
#16 D:\\xampp\\htdocs\\inventory\\vendor\\laravel\\framework\\src\\Illuminate\\Database\\Console\\Migrations\\MigrateCommand.php(110): Illuminate\\Database\\Migrations\\Migrator->repositoryExists()
#17 D:\\xampp\\htdocs\\inventory\\vendor\\laravel\\framework\\src\\Illuminate\\Database\\Console\\Migrations\\MigrateCommand.php(78): Illuminate\\Database\\Console\\Migrations\\MigrateCommand->prepareDatabase()
#18 D:\\xampp\\htdocs\\inventory\\vendor\\laravel\\framework\\src\\Illuminate\\Database\\Migrations\\Migrator.php(606): Illuminate\\Database\\Console\\Migrations\\MigrateCommand->{closure:Illuminate\\Database\\Console\\Migrations\\MigrateCommand::handle():77}()
#19 D:\\xampp\\htdocs\\inventory\\vendor\\laravel\\framework\\src\\Illuminate\\Database\\Console\\Migrations\\MigrateCommand.php(77): Illuminate\\Database\\Migrations\\Migrator->usingConnection(NULL, Object(Closure))
#20 D:\\xampp\\htdocs\\inventory\\vendor\\laravel\\framework\\src\\Illuminate\\Container\\BoundMethod.php(36): Illuminate\\Database\\Console\\Migrations\\MigrateCommand->handle()
#21 D:\\xampp\\htdocs\\inventory\\vendor\\laravel\\framework\\src\\Illuminate\\Container\\Util.php(40): Illuminate\\Container\\BoundMethod::{closure:Illuminate\\Container\\BoundMethod::call():35}()
#22 D:\\xampp\\htdocs\\inventory\\vendor\\laravel\\framework\\src\\Illuminate\\Container\\BoundMethod.php(93): Illuminate\\Container\\Util::unwrapIfClosure(Object(Closure))
#23 D:\\xampp\\htdocs\\inventory\\vendor\\laravel\\framework\\src\\Illuminate\\Container\\BoundMethod.php(35): Illuminate\\Container\\BoundMethod::callBoundMethod(Object(Illuminate\\Foundation\\Application), Array, Object(Closure))
#24 D:\\xampp\\htdocs\\inventory\\vendor\\laravel\\framework\\src\\Illuminate\\Container\\Container.php(653): Illuminate\\Container\\BoundMethod::call(Object(Illuminate\\Foundation\\Application), Array, Array, NULL)
#25 D:\\xampp\\htdocs\\inventory\\vendor\\laravel\\framework\\src\\Illuminate\\Console\\Command.php(136): Illuminate\\Container\\Container->call(Array)
#26 D:\\xampp\\htdocs\\inventory\\vendor\\symfony\\console\\Command\\Command.php(298): Illuminate\\Console\\Command->execute(Object(Symfony\\Component\\Console\\Input\\ArgvInput), Object(Illuminate\\Console\\OutputStyle))
#27 D:\\xampp\\htdocs\\inventory\\vendor\\laravel\\framework\\src\\Illuminate\\Console\\Command.php(120): Symfony\\Component\\Console\\Command\\Command->run(Object(Symfony\\Component\\Console\\Input\\ArgvInput), Object(Illuminate\\Console\\OutputStyle))
#28 D:\\xampp\\htdocs\\inventory\\vendor\\symfony\\console\\Application.php(1040): Illuminate\\Console\\Command->run(Object(Symfony\\Component\\Console\\Input\\ArgvInput), Object(Symfony\\Component\\Console\\Output\\ConsoleOutput))
#29 D:\\xampp\\htdocs\\inventory\\vendor\\symfony\\console\\Application.php(301): Symfony\\Component\\Console\\Application->doRunCommand(Object(Illuminate\\Database\\Console\\Migrations\\MigrateCommand), Object(Symfony\\Component\\Console\\Input\\ArgvInput), Object(Symfony\\Component\\Console\\Output\\ConsoleOutput))
#30 D:\\xampp\\htdocs\\inventory\\vendor\\symfony\\console\\Application.php(171): Symfony\\Component\\Console\\Application->doRun(Object(Symfony\\Component\\Console\\Input\\ArgvInput), Object(Symfony\\Component\\Console\\Output\\ConsoleOutput))
#31 D:\\xampp\\htdocs\\inventory\\vendor\\laravel\\framework\\src\\Illuminate\\Console\\Application.php(94): Symfony\\Component\\Console\\Application->run(Object(Symfony\\Component\\Console\\Input\\ArgvInput), Object(Symfony\\Component\\Console\\Output\\ConsoleOutput))
#32 D:\\xampp\\htdocs\\inventory\\vendor\\laravel\\framework\\src\\Illuminate\\Foundation\\Console\\Kernel.php(129): Illuminate\\Console\\Application->run(Object(Symfony\\Component\\Console\\Input\\ArgvInput), Object(Symfony\\Component\\Console\\Output\\ConsoleOutput))
#33 D:\\xampp\\htdocs\\inventory\\artisan(35): Illuminate\\Foundation\\Console\\Kernel->handle(Object(Symfony\\Component\\Console\\Input\\ArgvInput), Object(Symfony\\Component\\Console\\Output\\ConsoleOutput))
#34 {main}
"} 
[2025-11-20 15:35:46] local.ERROR: SQLSTATE[23000]: Integrity constraint violation: 1062 Duplicate entry 'admin@yopmail.com' for key 'users_email_unique' (SQL: insert into `users` (`name`, `email`, `password`, `role`, `quota`, `verified_at`, `updated_at`, `created_at`) values (Inventory Administrator, admin@yopmail.com, $2y$10$zcH6k7FZgPu5jn1JBKPw5u0ayy5ANjkhVLWdIZ/eUlQfYRr7IE/Uu, Administrator, 0, 2025-11-20 15:35:46, 2025-11-20 15:35:46, 2025-11-20 15:35:46)) {"exception":"[object] (Illuminate\\Database\\QueryException(code: 23000): SQLSTATE[23000]: Integrity constraint violation: 1062 Duplicate entry 'admin@yopmail.com' for key 'users_email_unique' (SQL: insert into `users` (`name`, `email`, `password`, `role`, `quota`, `verified_at`, `updated_at`, `created_at`) values (Inventory Administrator, admin@yopmail.com, $2y$10$zcH6k7FZgPu5jn1JBKPw5u0ayy5ANjkhVLWdIZ/eUlQfYRr7IE/Uu, Administrator, 0, 2025-11-20 15:35:46, 2025-11-20 15:35:46, 2025-11-20 15:35:46)) at D:\\xampp\\htdocs\\inventory\\vendor\\laravel\\framework\\src\\Illuminate\\Database\\Connection.php:712)
[stacktrace]
#0 D:\\xampp\\htdocs\\inventory\\vendor\\laravel\\framework\\src\\Illuminate\\Database\\Connection.php(672): Illuminate\\Database\\Connection->runQueryCallback('insert into `us...', Array, Object(Closure))
#1 D:\\xampp\\htdocs\\inventory\\vendor\\laravel\\framework\\src\\Illuminate\\Database\\Connection.php(490): Illuminate\\Database\\Connection->run('insert into `us...', Array, Object(Closure))
#2 D:\\xampp\\htdocs\\inventory\\vendor\\laravel\\framework\\src\\Illuminate\\Database\\Connection.php(454): Illuminate\\Database\\Connection->statement('insert into `us...', Array)
#3 D:\\xampp\\htdocs\\inventory\\vendor\\laravel\\framework\\src\\Illuminate\\Database\\Query\\Processors\\Processor.php(32): Illuminate\\Database\\Connection->insert('insert into `us...', Array)
#4 D:\\xampp\\htdocs\\inventory\\vendor\\laravel\\framework\\src\\Illuminate\\Database\\Query\\Builder.php(3028): Illuminate\\Database\\Query\\Processors\\Processor->processInsertGetId(Object(Illuminate\\Database\\Query\\Builder), 'insert into `us...', Array, 'id')
#5 D:\\xampp\\htdocs\\inventory\\vendor\\laravel\\framework\\src\\Illuminate\\Database\\Eloquent\\Builder.php(1657): Illuminate\\Database\\Query\\Builder->insertGetId(Array, 'id')
#6 D:\\xampp\\htdocs\\inventory\\vendor\\laravel\\framework\\src\\Illuminate\\Database\\Eloquent\\Model.php(1188): Illuminate\\Database\\Eloquent\\Builder->__call('insertGetId', Array)
#7 D:\\xampp\\htdocs\\inventory\\vendor\\laravel\\framework\\src\\Illuminate\\Database\\Eloquent\\Model.php(1153): Illuminate\\Database\\Eloquent\\Model->insertAndSetId(Object(Illuminate\\Database\\Eloquent\\Builder), Array)
#8 D:\\xampp\\htdocs\\inventory\\vendor\\laravel\\framework\\src\\Illuminate\\Database\\Eloquent\\Model.php(994): Illuminate\\Database\\Eloquent\\Model->performInsert(Object(Illuminate\\Database\\Eloquent\\Builder))
#9 D:\\xampp\\htdocs\\inventory\\vendor\\laravel\\framework\\src\\Illuminate\\Database\\Eloquent\\Builder.php(896): Illuminate\\Database\\Eloquent\\Model->save()
#10 D:\\xampp\\htdocs\\inventory\\vendor\\laravel\\framework\\src\\Illuminate\\Support\\helpers.php(276): Illuminate\\Database\\Eloquent\\Builder->Illuminate\\Database\\Eloquent\\{closure}(Object(App\\Models\\User))
#11 D:\\xampp\\htdocs\\inventory\\vendor\\laravel\\framework\\src\\Illuminate\\Database\\Eloquent\\Builder.php(895): tap(Object(App\\Models\\User), Object(Closure))
#12 D:\\xampp\\htdocs\\inventory\\vendor\\laravel\\framework\\src\\Illuminate\\Support\\Traits\\ForwardsCalls.php(23): Illuminate\\Database\\Eloquent\\Builder->create(Array)
#13 D:\\xampp\\htdocs\\inventory\\vendor\\laravel\\framework\\src\\Illuminate\\Database\\Eloquent\\Model.php(2132): Illuminate\\Database\\Eloquent\\Model->forwardCallTo(Object(Illuminate\\Database\\Eloquent\\Builder), 'create', Array)
#14 D:\\xampp\\htdocs\\inventory\\vendor\\laravel\\framework\\src\\Illuminate\\Database\\Eloquent\\Model.php(2144): Illuminate\\Database\\Eloquent\\Model->__call('create', Array)
#15 D:\\xampp\\htdocs\\inventory\\database\\seeders\\AdminSeeder.php(19): Illuminate\\Database\\Eloquent\\Model::__callStatic('create', Array)
#16 D:\\xampp\\htdocs\\inventory\\vendor\\laravel\\framework\\src\\Illuminate\\Container\\BoundMethod.php(36): Database\\Seeders\\AdminSeeder->run()
#17 D:\\xampp\\htdocs\\inventory\\vendor\\laravel\\framework\\src\\Illuminate\\Container\\Util.php(40): Illuminate\\Container\\BoundMethod::Illuminate\\Container\\{closure}()
#18 D:\\xampp\\htdocs\\inventory\\vendor\\laravel\\framework\\src\\Illuminate\\Container\\BoundMethod.php(93): Illuminate\\Container\\Util::unwrapIfClosure(Object(Closure))
#19 D:\\xampp\\htdocs\\inventory\\vendor\\laravel\\framework\\src\\Illuminate\\Container\\BoundMethod.php(35): Illuminate\\Container\\BoundMethod::callBoundMethod(Object(Illuminate\\Foundation\\Application), Array, Object(Closure))
#20 D:\\xampp\\htdocs\\inventory\\vendor\\laravel\\framework\\src\\Illuminate\\Container\\Container.php(653): Illuminate\\Container\\BoundMethod::call(Object(Illuminate\\Foundation\\Application), Array, Array, NULL)
#21 D:\\xampp\\htdocs\\inventory\\vendor\\laravel\\framework\\src\\Illuminate\\Database\\Seeder.php(149): Illuminate\\Container\\Container->call(Array, Array)
#22 D:\\xampp\\htdocs\\inventory\\vendor\\laravel\\framework\\src\\Illuminate\\Database\\Seeder.php(49): Illuminate\\Database\\Seeder->__invoke(Array)
#23 D:\\xampp\\htdocs\\inventory\\database\\seeders\\DatabaseSeeder.php(18): Illuminate\\Database\\Seeder->call('Database\\\\Seeder...')
#24 D:\\xampp\\htdocs\\inventory\\vendor\\laravel\\framework\\src\\Illuminate\\Container\\BoundMethod.php(36): Database\\Seeders\\DatabaseSeeder->run()
#25 D:\\xampp\\htdocs\\inventory\\vendor\\laravel\\framework\\src\\Illuminate\\Container\\Util.php(40): Illuminate\\Container\\BoundMethod::Illuminate\\Container\\{closure}()
#26 D:\\xampp\\htdocs\\inventory\\vendor\\laravel\\framework\\src\\Illuminate\\Container\\BoundMethod.php(93): Illuminate\\Container\\Util::unwrapIfClosure(Object(Closure))
#27 D:\\xampp\\htdocs\\inventory\\vendor\\laravel\\framework\\src\\Illuminate\\Container\\BoundMethod.php(35): Illuminate\\Container\\BoundMethod::callBoundMethod(Object(Illuminate\\Foundation\\Application), Array, Object(Closure))
#28 D:\\xampp\\htdocs\\inventory\\vendor\\laravel\\framework\\src\\Illuminate\\Container\\Container.php(653): Illuminate\\Container\\BoundMethod::call(Object(Illuminate\\Foundation\\Application), Array, Array, NULL)
#29 D:\\xampp\\htdocs\\inventory\\vendor\\laravel\\framework\\src\\Illuminate\\Database\\Seeder.php(149): Illuminate\\Container\\Container->call(Array, Array)
#30 D:\\xampp\\htdocs\\inventory\\vendor\\laravel\\framework\\src\\Illuminate\\Database\\Console\\Seeds\\SeedCommand.php(66): Illuminate\\Database\\Seeder->__invoke()
#31 D:\\xampp\\htdocs\\inventory\\vendor\\laravel\\framework\\src\\Illuminate\\Database\\Eloquent\\Concerns\\GuardsAttributes.php(157): Illuminate\\Database\\Console\\Seeds\\SeedCommand->Illuminate\\Database\\Console\\Seeds\\{closure}()
#32 D:\\xampp\\htdocs\\inventory\\vendor\\laravel\\framework\\src\\Illuminate\\Database\\Console\\Seeds\\SeedCommand.php(65): Illuminate\\Database\\Eloquent\\Model::unguarded(Object(Closure))
#33 D:\\xampp\\htdocs\\inventory\\vendor\\laravel\\framework\\src\\Illuminate\\Container\\BoundMethod.php(36): Illuminate\\Database\\Console\\Seeds\\SeedCommand->handle()
#34 D:\\xampp\\htdocs\\inventory\\vendor\\laravel\\framework\\src\\Illuminate\\Container\\Util.php(40): Illuminate\\Container\\BoundMethod::Illuminate\\Container\\{closure}()
#35 D:\\xampp\\htdocs\\inventory\\vendor\\laravel\\framework\\src\\Illuminate\\Container\\BoundMethod.php(93): Illuminate\\Container\\Util::unwrapIfClosure(Object(Closure))
#36 D:\\xampp\\htdocs\\inventory\\vendor\\laravel\\framework\\src\\Illuminate\\Container\\BoundMethod.php(35): Illuminate\\Container\\BoundMethod::callBoundMethod(Object(Illuminate\\Foundation\\Application), Array, Object(Closure))
#37 D:\\xampp\\htdocs\\inventory\\vendor\\laravel\\framework\\src\\Illuminate\\Container\\Container.php(653): Illuminate\\Container\\BoundMethod::call(Object(Illuminate\\Foundation\\Application), Array, Array, NULL)
#38 D:\\xampp\\htdocs\\inventory\\vendor\\laravel\\framework\\src\\Illuminate\\Console\\Command.php(136): Illuminate\\Container\\Container->call(Array)
#39 D:\\xampp\\htdocs\\inventory\\vendor\\symfony\\console\\Command\\Command.php(298): Illuminate\\Console\\Command->execute(Object(Symfony\\Component\\Console\\Input\\ArgvInput), Object(Illuminate\\Console\\OutputStyle))
#40 D:\\xampp\\htdocs\\inventory\\vendor\\laravel\\framework\\src\\Illuminate\\Console\\Command.php(120): Symfony\\Component\\Console\\Command\\Command->run(Object(Symfony\\Component\\Console\\Input\\ArgvInput), Object(Illuminate\\Console\\OutputStyle))
#41 D:\\xampp\\htdocs\\inventory\\vendor\\symfony\\console\\Application.php(1040): Illuminate\\Console\\Command->run(Object(Symfony\\Component\\Console\\Input\\ArgvInput), Object(Symfony\\Component\\Console\\Output\\ConsoleOutput))
#42 D:\\xampp\\htdocs\\inventory\\vendor\\symfony\\console\\Application.php(301): Symfony\\Component\\Console\\Application->doRunCommand(Object(Illuminate\\Database\\Console\\Seeds\\SeedCommand), Object(Symfony\\Component\\Console\\Input\\ArgvInput), Object(Symfony\\Component\\Console\\Output\\ConsoleOutput))
#43 D:\\xampp\\htdocs\\inventory\\vendor\\symfony\\console\\Application.php(171): Symfony\\Component\\Console\\Application->doRun(Object(Symfony\\Component\\Console\\Input\\ArgvInput), Object(Symfony\\Component\\Console\\Output\\ConsoleOutput))
#44 D:\\xampp\\htdocs\\inventory\\vendor\\laravel\\framework\\src\\Illuminate\\Console\\Application.php(94): Symfony\\Component\\Console\\Application->run(Object(Symfony\\Component\\Console\\Input\\ArgvInput), Object(Symfony\\Component\\Console\\Output\\ConsoleOutput))
#45 D:\\xampp\\htdocs\\inventory\\vendor\\laravel\\framework\\src\\Illuminate\\Foundation\\Console\\Kernel.php(129): Illuminate\\Console\\Application->run(Object(Symfony\\Component\\Console\\Input\\ArgvInput), Object(Symfony\\Component\\Console\\Output\\ConsoleOutput))
#46 D:\\xampp\\htdocs\\inventory\\artisan(35): Illuminate\\Foundation\\Console\\Kernel->handle(Object(Symfony\\Component\\Console\\Input\\ArgvInput), Object(Symfony\\Component\\Console\\Output\\ConsoleOutput))
#47 {main}

[previous exception] [object] (Doctrine\\DBAL\\Driver\\PDO\\Exception(code: 23000): SQLSTATE[23000]: Integrity constraint violation: 1062 Duplicate entry 'admin@yopmail.com' for key 'users_email_unique' at D:\\xampp\\htdocs\\inventory\\vendor\\doctrine\\dbal\\lib\\Doctrine\\DBAL\\Driver\\PDO\\Exception.php:18)
[stacktrace]
#0 D:\\xampp\\htdocs\\inventory\\vendor\\doctrine\\dbal\\lib\\Doctrine\\DBAL\\Driver\\PDOStatement.php(119): Doctrine\\DBAL\\Driver\\PDO\\Exception::new(Object(PDOException))
#1 D:\\xampp\\htdocs\\inventory\\vendor\\laravel\\framework\\src\\Illuminate\\Database\\Connection.php(501): Doctrine\\DBAL\\Driver\\PDOStatement->execute()
#2 D:\\xampp\\htdocs\\inventory\\vendor\\laravel\\framework\\src\\Illuminate\\Database\\Connection.php(705): Illuminate\\Database\\Connection->Illuminate\\Database\\{closure}('insert into `us...', Array)
#3 D:\\xampp\\htdocs\\inventory\\vendor\\laravel\\framework\\src\\Illuminate\\Database\\Connection.php(672): Illuminate\\Database\\Connection->runQueryCallback('insert into `us...', Array, Object(Closure))
#4 D:\\xampp\\htdocs\\inventory\\vendor\\laravel\\framework\\src\\Illuminate\\Database\\Connection.php(490): Illuminate\\Database\\Connection->run('insert into `us...', Array, Object(Closure))
#5 D:\\xampp\\htdocs\\inventory\\vendor\\laravel\\framework\\src\\Illuminate\\Database\\Connection.php(454): Illuminate\\Database\\Connection->statement('insert into `us...', Array)
#6 D:\\xampp\\htdocs\\inventory\\vendor\\laravel\\framework\\src\\Illuminate\\Database\\Query\\Processors\\Processor.php(32): Illuminate\\Database\\Connection->insert('insert into `us...', Array)
#7 D:\\xampp\\htdocs\\inventory\\vendor\\laravel\\framework\\src\\Illuminate\\Database\\Query\\Builder.php(3028): Illuminate\\Database\\Query\\Processors\\Processor->processInsertGetId(Object(Illuminate\\Database\\Query\\Builder), 'insert into `us...', Array, 'id')
#8 D:\\xampp\\htdocs\\inventory\\vendor\\laravel\\framework\\src\\Illuminate\\Database\\Eloquent\\Builder.php(1657): Illuminate\\Database\\Query\\Builder->insertGetId(Array, 'id')
#9 D:\\xampp\\htdocs\\inventory\\vendor\\laravel\\framework\\src\\Illuminate\\Database\\Eloquent\\Model.php(1188): Illuminate\\Database\\Eloquent\\Builder->__call('insertGetId', Array)
#10 D:\\xampp\\htdocs\\inventory\\vendor\\laravel\\framework\\src\\Illuminate\\Database\\Eloquent\\Model.php(1153): Illuminate\\Database\\Eloquent\\Model->insertAndSetId(Object(Illuminate\\Database\\Eloquent\\Builder), Array)
#11 D:\\xampp\\htdocs\\inventory\\vendor\\laravel\\framework\\src\\Illuminate\\Database\\Eloquent\\Model.php(994): Illuminate\\Database\\Eloquent\\Model->performInsert(Object(Illuminate\\Database\\Eloquent\\Builder))
#12 D:\\xampp\\htdocs\\inventory\\vendor\\laravel\\framework\\src\\Illuminate\\Database\\Eloquent\\Builder.php(896): Illuminate\\Database\\Eloquent\\Model->save()
#13 D:\\xampp\\htdocs\\inventory\\vendor\\laravel\\framework\\src\\Illuminate\\Support\\helpers.php(276): Illuminate\\Database\\Eloquent\\Builder->Illuminate\\Database\\Eloquent\\{closure}(Object(App\\Models\\User))
#14 D:\\xampp\\htdocs\\inventory\\vendor\\laravel\\framework\\src\\Illuminate\\Database\\Eloquent\\Builder.php(895): tap(Object(App\\Models\\User), Object(Closure))
#15 D:\\xampp\\htdocs\\inventory\\vendor\\laravel\\framework\\src\\Illuminate\\Support\\Traits\\ForwardsCalls.php(23): Illuminate\\Database\\Eloquent\\Builder->create(Array)
#16 D:\\xampp\\htdocs\\inventory\\vendor\\laravel\\framework\\src\\Illuminate\\Database\\Eloquent\\Model.php(2132): Illuminate\\Database\\Eloquent\\Model->forwardCallTo(Object(Illuminate\\Database\\Eloquent\\Builder), 'create', Array)
#17 D:\\xampp\\htdocs\\inventory\\vendor\\laravel\\framework\\src\\Illuminate\\Database\\Eloquent\\Model.php(2144): Illuminate\\Database\\Eloquent\\Model->__call('create', Array)
#18 D:\\xampp\\htdocs\\inventory\\database\\seeders\\AdminSeeder.php(19): Illuminate\\Database\\Eloquent\\Model::__callStatic('create', Array)
#19 D:\\xampp\\htdocs\\inventory\\vendor\\laravel\\framework\\src\\Illuminate\\Container\\BoundMethod.php(36): Database\\Seeders\\AdminSeeder->run()
#20 D:\\xampp\\htdocs\\inventory\\vendor\\laravel\\framework\\src\\Illuminate\\Container\\Util.php(40): Illuminate\\Container\\BoundMethod::Illuminate\\Container\\{closure}()
#21 D:\\xampp\\htdocs\\inventory\\vendor\\laravel\\framework\\src\\Illuminate\\Container\\BoundMethod.php(93): Illuminate\\Container\\Util::unwrapIfClosure(Object(Closure))
#22 D:\\xampp\\htdocs\\inventory\\vendor\\laravel\\framework\\src\\Illuminate\\Container\\BoundMethod.php(35): Illuminate\\Container\\BoundMethod::callBoundMethod(Object(Illuminate\\Foundation\\Application), Array, Object(Closure))
#23 D:\\xampp\\htdocs\\inventory\\vendor\\laravel\\framework\\src\\Illuminate\\Container\\Container.php(653): Illuminate\\Container\\BoundMethod::call(Object(Illuminate\\Foundation\\Application), Array, Array, NULL)
#24 D:\\xampp\\htdocs\\inventory\\vendor\\laravel\\framework\\src\\Illuminate\\Database\\Seeder.php(149): Illuminate\\Container\\Container->call(Array, Array)
#25 D:\\xampp\\htdocs\\inventory\\vendor\\laravel\\framework\\src\\Illuminate\\Database\\Seeder.php(49): Illuminate\\Database\\Seeder->__invoke(Array)
#26 D:\\xampp\\htdocs\\inventory\\database\\seeders\\DatabaseSeeder.php(18): Illuminate\\Database\\Seeder->call('Database\\\\Seeder...')
#27 D:\\xampp\\htdocs\\inventory\\vendor\\laravel\\framework\\src\\Illuminate\\Container\\BoundMethod.php(36): Database\\Seeders\\DatabaseSeeder->run()
#28 D:\\xampp\\htdocs\\inventory\\vendor\\laravel\\framework\\src\\Illuminate\\Container\\Util.php(40): Illuminate\\Container\\BoundMethod::Illuminate\\Container\\{closure}()
#29 D:\\xampp\\htdocs\\inventory\\vendor\\laravel\\framework\\src\\Illuminate\\Container\\BoundMethod.php(93): Illuminate\\Container\\Util::unwrapIfClosure(Object(Closure))
#30 D:\\xampp\\htdocs\\inventory\\vendor\\laravel\\framework\\src\\Illuminate\\Container\\BoundMethod.php(35): Illuminate\\Container\\BoundMethod::callBoundMethod(Object(Illuminate\\Foundation\\Application), Array, Object(Closure))
#31 D:\\xampp\\htdocs\\inventory\\vendor\\laravel\\framework\\src\\Illuminate\\Container\\Container.php(653): Illuminate\\Container\\BoundMethod::call(Object(Illuminate\\Foundation\\Application), Array, Array, NULL)
#32 D:\\xampp\\htdocs\\inventory\\vendor\\laravel\\framework\\src\\Illuminate\\Database\\Seeder.php(149): Illuminate\\Container\\Container->call(Array, Array)
#33 D:\\xampp\\htdocs\\inventory\\vendor\\laravel\\framework\\src\\Illuminate\\Database\\Console\\Seeds\\SeedCommand.php(66): Illuminate\\Database\\Seeder->__invoke()
#34 D:\\xampp\\htdocs\\inventory\\vendor\\laravel\\framework\\src\\Illuminate\\Database\\Eloquent\\Concerns\\GuardsAttributes.php(157): Illuminate\\Database\\Console\\Seeds\\SeedCommand->Illuminate\\Database\\Console\\Seeds\\{closure}()
#35 D:\\xampp\\htdocs\\inventory\\vendor\\laravel\\framework\\src\\Illuminate\\Database\\Console\\Seeds\\SeedCommand.php(65): Illuminate\\Database\\Eloquent\\Model::unguarded(Object(Closure))
#36 D:\\xampp\\htdocs\\inventory\\vendor\\laravel\\framework\\src\\Illuminate\\Container\\BoundMethod.php(36): Illuminate\\Database\\Console\\Seeds\\SeedCommand->handle()
#37 D:\\xampp\\htdocs\\inventory\\vendor\\laravel\\framework\\src\\Illuminate\\Container\\Util.php(40): Illuminate\\Container\\BoundMethod::Illuminate\\Container\\{closure}()
#38 D:\\xampp\\htdocs\\inventory\\vendor\\laravel\\framework\\src\\Illuminate\\Container\\BoundMethod.php(93): Illuminate\\Container\\Util::unwrapIfClosure(Object(Closure))
#39 D:\\xampp\\htdocs\\inventory\\vendor\\laravel\\framework\\src\\Illuminate\\Container\\BoundMethod.php(35): Illuminate\\Container\\BoundMethod::callBoundMethod(Object(Illuminate\\Foundation\\Application), Array, Object(Closure))
#40 D:\\xampp\\htdocs\\inventory\\vendor\\laravel\\framework\\src\\Illuminate\\Container\\Container.php(653): Illuminate\\Container\\BoundMethod::call(Object(Illuminate\\Foundation\\Application), Array, Array, NULL)
#41 D:\\xampp\\htdocs\\inventory\\vendor\\laravel\\framework\\src\\Illuminate\\Console\\Command.php(136): Illuminate\\Container\\Container->call(Array)
#42 D:\\xampp\\htdocs\\inventory\\vendor\\symfony\\console\\Command\\Command.php(298): Illuminate\\Console\\Command->execute(Object(Symfony\\Component\\Console\\Input\\ArgvInput), Object(Illuminate\\Console\\OutputStyle))
#43 D:\\xampp\\htdocs\\inventory\\vendor\\laravel\\framework\\src\\Illuminate\\Console\\Command.php(120): Symfony\\Component\\Console\\Command\\Command->run(Object(Symfony\\Component\\Console\\Input\\ArgvInput), Object(Illuminate\\Console\\OutputStyle))
#44 D:\\xampp\\htdocs\\inventory\\vendor\\symfony\\console\\Application.php(1040): Illuminate\\Console\\Command->run(Object(Symfony\\Component\\Console\\Input\\ArgvInput), Object(Symfony\\Component\\Console\\Output\\ConsoleOutput))
#45 D:\\xampp\\htdocs\\inventory\\vendor\\symfony\\console\\Application.php(301): Symfony\\Component\\Console\\Application->doRunCommand(Object(Illuminate\\Database\\Console\\Seeds\\SeedCommand), Object(Symfony\\Component\\Console\\Input\\ArgvInput), Object(Symfony\\Component\\Console\\Output\\ConsoleOutput))
#46 D:\\xampp\\htdocs\\inventory\\vendor\\symfony\\console\\Application.php(171): Symfony\\Component\\Console\\Application->doRun(Object(Symfony\\Component\\Console\\Input\\ArgvInput), Object(Symfony\\Component\\Console\\Output\\ConsoleOutput))
#47 D:\\xampp\\htdocs\\inventory\\vendor\\laravel\\framework\\src\\Illuminate\\Console\\Application.php(94): Symfony\\Component\\Console\\Application->run(Object(Symfony\\Component\\Console\\Input\\ArgvInput), Object(Symfony\\Component\\Console\\Output\\ConsoleOutput))
#48 D:\\xampp\\htdocs\\inventory\\vendor\\laravel\\framework\\src\\Illuminate\\Foundation\\Console\\Kernel.php(129): Illuminate\\Console\\Application->run(Object(Symfony\\Component\\Console\\Input\\ArgvInput), Object(Symfony\\Component\\Console\\Output\\ConsoleOutput))
#49 D:\\xampp\\htdocs\\inventory\\artisan(35): Illuminate\\Foundation\\Console\\Kernel->handle(Object(Symfony\\Component\\Console\\Input\\ArgvInput), Object(Symfony\\Component\\Console\\Output\\ConsoleOutput))
#50 {main}

[previous exception] [object] (PDOException(code: 23000): SQLSTATE[23000]: Integrity constraint violation: 1062 Duplicate entry 'admin@yopmail.com' for key 'users_email_unique' at D:\\xampp\\htdocs\\inventory\\vendor\\doctrine\\dbal\\lib\\Doctrine\\DBAL\\Driver\\PDOStatement.php:117)
[stacktrace]
#0 D:\\xampp\\htdocs\\inventory\\vendor\\doctrine\\dbal\\lib\\Doctrine\\DBAL\\Driver\\PDOStatement.php(117): PDOStatement->execute(NULL)
#1 D:\\xampp\\htdocs\\inventory\\vendor\\laravel\\framework\\src\\Illuminate\\Database\\Connection.php(501): Doctrine\\DBAL\\Driver\\PDOStatement->execute()
#2 D:\\xampp\\htdocs\\inventory\\vendor\\laravel\\framework\\src\\Illuminate\\Database\\Connection.php(705): Illuminate\\Database\\Connection->Illuminate\\Database\\{closure}('insert into `us...', Array)
#3 D:\\xampp\\htdocs\\inventory\\vendor\\laravel\\framework\\src\\Illuminate\\Database\\Connection.php(672): Illuminate\\Database\\Connection->runQueryCallback('insert into `us...', Array, Object(Closure))
#4 D:\\xampp\\htdocs\\inventory\\vendor\\laravel\\framework\\src\\Illuminate\\Database\\Connection.php(490): Illuminate\\Database\\Connection->run('insert into `us...', Array, Object(Closure))
#5 D:\\xampp\\htdocs\\inventory\\vendor\\laravel\\framework\\src\\Illuminate\\Database\\Connection.php(454): Illuminate\\Database\\Connection->statement('insert into `us...', Array)
#6 D:\\xampp\\htdocs\\inventory\\vendor\\laravel\\framework\\src\\Illuminate\\Database\\Query\\Processors\\Processor.php(32): Illuminate\\Database\\Connection->insert('insert into `us...', Array)
#7 D:\\xampp\\htdocs\\inventory\\vendor\\laravel\\framework\\src\\Illuminate\\Database\\Query\\Builder.php(3028): Illuminate\\Database\\Query\\Processors\\Processor->processInsertGetId(Object(Illuminate\\Database\\Query\\Builder), 'insert into `us...', Array, 'id')
#8 D:\\xampp\\htdocs\\inventory\\vendor\\laravel\\framework\\src\\Illuminate\\Database\\Eloquent\\Builder.php(1657): Illuminate\\Database\\Query\\Builder->insertGetId(Array, 'id')
#9 D:\\xampp\\htdocs\\inventory\\vendor\\laravel\\framework\\src\\Illuminate\\Database\\Eloquent\\Model.php(1188): Illuminate\\Database\\Eloquent\\Builder->__call('insertGetId', Array)
#10 D:\\xampp\\htdocs\\inventory\\vendor\\laravel\\framework\\src\\Illuminate\\Database\\Eloquent\\Model.php(1153): Illuminate\\Database\\Eloquent\\Model->insertAndSetId(Object(Illuminate\\Database\\Eloquent\\Builder), Array)
#11 D:\\xampp\\htdocs\\inventory\\vendor\\laravel\\framework\\src\\Illuminate\\Database\\Eloquent\\Model.php(994): Illuminate\\Database\\Eloquent\\Model->performInsert(Object(Illuminate\\Database\\Eloquent\\Builder))
#12 D:\\xampp\\htdocs\\inventory\\vendor\\laravel\\framework\\src\\Illuminate\\Database\\Eloquent\\Builder.php(896): Illuminate\\Database\\Eloquent\\Model->save()
#13 D:\\xampp\\htdocs\\inventory\\vendor\\laravel\\framework\\src\\Illuminate\\Support\\helpers.php(276): Illuminate\\Database\\Eloquent\\Builder->Illuminate\\Database\\Eloquent\\{closure}(Object(App\\Models\\User))
#14 D:\\xampp\\htdocs\\inventory\\vendor\\laravel\\framework\\src\\Illuminate\\Database\\Eloquent\\Builder.php(895): tap(Object(App\\Models\\User), Object(Closure))
#15 D:\\xampp\\htdocs\\inventory\\vendor\\laravel\\framework\\src\\Illuminate\\Support\\Traits\\ForwardsCalls.php(23): Illuminate\\Database\\Eloquent\\Builder->create(Array)
#16 D:\\xampp\\htdocs\\inventory\\vendor\\laravel\\framework\\src\\Illuminate\\Database\\Eloquent\\Model.php(2132): Illuminate\\Database\\Eloquent\\Model->forwardCallTo(Object(Illuminate\\Database\\Eloquent\\Builder), 'create', Array)
#17 D:\\xampp\\htdocs\\inventory\\vendor\\laravel\\framework\\src\\Illuminate\\Database\\Eloquent\\Model.php(2144): Illuminate\\Database\\Eloquent\\Model->__call('create', Array)
#18 D:\\xampp\\htdocs\\inventory\\database\\seeders\\AdminSeeder.php(19): Illuminate\\Database\\Eloquent\\Model::__callStatic('create', Array)
#19 D:\\xampp\\htdocs\\inventory\\vendor\\laravel\\framework\\src\\Illuminate\\Container\\BoundMethod.php(36): Database\\Seeders\\AdminSeeder->run()
#20 D:\\xampp\\htdocs\\inventory\\vendor\\laravel\\framework\\src\\Illuminate\\Container\\Util.php(40): Illuminate\\Container\\BoundMethod::Illuminate\\Container\\{closure}()
#21 D:\\xampp\\htdocs\\inventory\\vendor\\laravel\\framework\\src\\Illuminate\\Container\\BoundMethod.php(93): Illuminate\\Container\\Util::unwrapIfClosure(Object(Closure))
#22 D:\\xampp\\htdocs\\inventory\\vendor\\laravel\\framework\\src\\Illuminate\\Container\\BoundMethod.php(35): Illuminate\\Container\\BoundMethod::callBoundMethod(Object(Illuminate\\Foundation\\Application), Array, Object(Closure))
#23 D:\\xampp\\htdocs\\inventory\\vendor\\laravel\\framework\\src\\Illuminate\\Container\\Container.php(653): Illuminate\\Container\\BoundMethod::call(Object(Illuminate\\Foundation\\Application), Array, Array, NULL)
#24 D:\\xampp\\htdocs\\inventory\\vendor\\laravel\\framework\\src\\Illuminate\\Database\\Seeder.php(149): Illuminate\\Container\\Container->call(Array, Array)
#25 D:\\xampp\\htdocs\\inventory\\vendor\\laravel\\framework\\src\\Illuminate\\Database\\Seeder.php(49): Illuminate\\Database\\Seeder->__invoke(Array)
#26 D:\\xampp\\htdocs\\inventory\\database\\seeders\\DatabaseSeeder.php(18): Illuminate\\Database\\Seeder->call('Database\\\\Seeder...')
#27 D:\\xampp\\htdocs\\inventory\\vendor\\laravel\\framework\\src\\Illuminate\\Container\\BoundMethod.php(36): Database\\Seeders\\DatabaseSeeder->run()
#28 D:\\xampp\\htdocs\\inventory\\vendor\\laravel\\framework\\src\\Illuminate\\Container\\Util.php(40): Illuminate\\Container\\BoundMethod::Illuminate\\Container\\{closure}()
#29 D:\\xampp\\htdocs\\inventory\\vendor\\laravel\\framework\\src\\Illuminate\\Container\\BoundMethod.php(93): Illuminate\\Container\\Util::unwrapIfClosure(Object(Closure))
#30 D:\\xampp\\htdocs\\inventory\\vendor\\laravel\\framework\\src\\Illuminate\\Container\\BoundMethod.php(35): Illuminate\\Container\\BoundMethod::callBoundMethod(Object(Illuminate\\Foundation\\Application), Array, Object(Closure))
#31 D:\\xampp\\htdocs\\inventory\\vendor\\laravel\\framework\\src\\Illuminate\\Container\\Container.php(653): Illuminate\\Container\\BoundMethod::call(Object(Illuminate\\Foundation\\Application), Array, Array, NULL)
#32 D:\\xampp\\htdocs\\inventory\\vendor\\laravel\\framework\\src\\Illuminate\\Database\\Seeder.php(149): Illuminate\\Container\\Container->call(Array, Array)
#33 D:\\xampp\\htdocs\\inventory\\vendor\\laravel\\framework\\src\\Illuminate\\Database\\Console\\Seeds\\SeedCommand.php(66): Illuminate\\Database\\Seeder->__invoke()
#34 D:\\xampp\\htdocs\\inventory\\vendor\\laravel\\framework\\src\\Illuminate\\Database\\Eloquent\\Concerns\\GuardsAttributes.php(157): Illuminate\\Database\\Console\\Seeds\\SeedCommand->Illuminate\\Database\\Console\\Seeds\\{closure}()
#35 D:\\xampp\\htdocs\\inventory\\vendor\\laravel\\framework\\src\\Illuminate\\Database\\Console\\Seeds\\SeedCommand.php(65): Illuminate\\Database\\Eloquent\\Model::unguarded(Object(Closure))
#36 D:\\xampp\\htdocs\\inventory\\vendor\\laravel\\framework\\src\\Illuminate\\Container\\BoundMethod.php(36): Illuminate\\Database\\Console\\Seeds\\SeedCommand->handle()
#37 D:\\xampp\\htdocs\\inventory\\vendor\\laravel\\framework\\src\\Illuminate\\Container\\Util.php(40): Illuminate\\Container\\BoundMethod::Illuminate\\Container\\{closure}()
#38 D:\\xampp\\htdocs\\inventory\\vendor\\laravel\\framework\\src\\Illuminate\\Container\\BoundMethod.php(93): Illuminate\\Container\\Util::unwrapIfClosure(Object(Closure))
#39 D:\\xampp\\htdocs\\inventory\\vendor\\laravel\\framework\\src\\Illuminate\\Container\\BoundMethod.php(35): Illuminate\\Container\\BoundMethod::callBoundMethod(Object(Illuminate\\Foundation\\Application), Array, Object(Closure))
#40 D:\\xampp\\htdocs\\inventory\\vendor\\laravel\\framework\\src\\Illuminate\\Container\\Container.php(653): Illuminate\\Container\\BoundMethod::call(Object(Illuminate\\Foundation\\Application), Array, Array, NULL)
#41 D:\\xampp\\htdocs\\inventory\\vendor\\laravel\\framework\\src\\Illuminate\\Console\\Command.php(136): Illuminate\\Container\\Container->call(Array)
#42 D:\\xampp\\htdocs\\inventory\\vendor\\symfony\\console\\Command\\Command.php(298): Illuminate\\Console\\Command->execute(Object(Symfony\\Component\\Console\\Input\\ArgvInput), Object(Illuminate\\Console\\OutputStyle))
#43 D:\\xampp\\htdocs\\inventory\\vendor\\laravel\\framework\\src\\Illuminate\\Console\\Command.php(120): Symfony\\Component\\Console\\Command\\Command->run(Object(Symfony\\Component\\Console\\Input\\ArgvInput), Object(Illuminate\\Console\\OutputStyle))
#44 D:\\xampp\\htdocs\\inventory\\vendor\\symfony\\console\\Application.php(1040): Illuminate\\Console\\Command->run(Object(Symfony\\Component\\Console\\Input\\ArgvInput), Object(Symfony\\Component\\Console\\Output\\ConsoleOutput))
#45 D:\\xampp\\htdocs\\inventory\\vendor\\symfony\\console\\Application.php(301): Symfony\\Component\\Console\\Application->doRunCommand(Object(Illuminate\\Database\\Console\\Seeds\\SeedCommand), Object(Symfony\\Component\\Console\\Input\\ArgvInput), Object(Symfony\\Component\\Console\\Output\\ConsoleOutput))
#46 D:\\xampp\\htdocs\\inventory\\vendor\\symfony\\console\\Application.php(171): Symfony\\Component\\Console\\Application->doRun(Object(Symfony\\Component\\Console\\Input\\ArgvInput), Object(Symfony\\Component\\Console\\Output\\ConsoleOutput))
#47 D:\\xampp\\htdocs\\inventory\\vendor\\laravel\\framework\\src\\Illuminate\\Console\\Application.php(94): Symfony\\Component\\Console\\Application->run(Object(Symfony\\Component\\Console\\Input\\ArgvInput), Object(Symfony\\Component\\Console\\Output\\ConsoleOutput))
#48 D:\\xampp\\htdocs\\inventory\\vendor\\laravel\\framework\\src\\Illuminate\\Foundation\\Console\\Kernel.php(129): Illuminate\\Console\\Application->run(Object(Symfony\\Component\\Console\\Input\\ArgvInput), Object(Symfony\\Component\\Console\\Output\\ConsoleOutput))
#49 D:\\xampp\\htdocs\\inventory\\artisan(35): Illuminate\\Foundation\\Console\\Kernel->handle(Object(Symfony\\Component\\Console\\Input\\ArgvInput), Object(Symfony\\Component\\Console\\Output\\ConsoleOutput))
#50 {main}
"} 
[2025-11-21 00:30:48] local.ERROR: The Symfony\Component\Intl\NumberFormatter\NumberFormatter::setAttribute() method's argument $attr value 2 behavior is not implemented. The available attributes are: FRACTION_DIGITS, GROUPING_USED, ROUNDING_MODE.  Please install the "intl" extension for full localization capabilities. {"userId":1,"exception":"[object] (Symfony\\Component\\Intl\\Exception\\MethodArgumentValueNotImplementedException(code: 0): The Symfony\\Component\\Intl\\NumberFormatter\\NumberFormatter::setAttribute() method's argument $attr value 2 behavior is not implemented. The available attributes are: FRACTION_DIGITS, GROUPING_USED, ROUNDING_MODE.  Please install the \"intl\" extension for full localization capabilities. at D:\\xampp\\htdocs\\inventory\\vendor\\symfony\\intl\\NumberFormatter\\NumberFormatter.php:582)
[stacktrace]
#0 D:\\xampp\\htdocs\\inventory\\vendor\\brick\\money\\src\\Money.php(777): Symfony\\Component\\Intl\\NumberFormatter\\NumberFormatter->setAttribute(7, 2)
#1 D:\\xampp\\htdocs\\inventory\\repos\\src\\Fields\\Currency.php(132): Brick\\Money\\Money->formatTo('en')
#2 D:\\xampp\\htdocs\\inventory\\repos\\src\\Fields\\Currency.php(89): Laravel\\Nova\\Fields\\Currency->formatMoney('43930.00')
#3 [internal function]: Laravel\\Nova\\Fields\\Currency->Laravel\\Nova\\Fields\\{closure}('43930.00', Object(App\\Models\\Product), 'price')
#4 D:\\xampp\\htdocs\\inventory\\repos\\src\\Fields\\Field.php(224): call_user_func(Object(Closure), '43930.00', Object(App\\Models\\Product), 'price')
#5 D:\\xampp\\htdocs\\inventory\\vendor\\laravel\\framework\\src\\Illuminate\\Support\\helpers.php(276): Laravel\\Nova\\Fields\\Field->Laravel\\Nova\\Fields\\{closure}('43930.00')
#6 D:\\xampp\\htdocs\\inventory\\repos\\src\\Fields\\Field.php(223): tap('43930.00', Object(Closure))
#7 D:\\xampp\\htdocs\\inventory\\repos\\src\\ResolvesFields.php(75): Laravel\\Nova\\Fields\\Field->resolveForDisplay(Object(App\\Models\\Product))
#8 D:\\xampp\\htdocs\\inventory\\vendor\\laravel\\framework\\src\\Illuminate\\Collections\\Traits\\EnumeratesValues.php(245): Laravel\\Nova\\Resource->Laravel\\Nova\\{closure}(Object(Laravel\\Nova\\Fields\\Currency), 4)
#9 D:\\xampp\\htdocs\\inventory\\repos\\src\\ResolvesFields.php(65): Illuminate\\Support\\Collection->each(Object(Closure))
#10 D:\\xampp\\htdocs\\inventory\\repos\\src\\ResolvesFields.php(212): Laravel\\Nova\\Resource->detailFields(Object(Laravel\\Nova\\Http\\Requests\\ResourceDetailRequest))
#11 D:\\xampp\\htdocs\\inventory\\repos\\src\\Resource.php(486): Laravel\\Nova\\Resource->detailFieldsWithinPanels(Object(Laravel\\Nova\\Http\\Requests\\ResourceDetailRequest), Object(App\\Nova\\Product))
#12 D:\\xampp\\htdocs\\inventory\\repos\\src\\Http\\Controllers\\ResourceShowController.php(28): Laravel\\Nova\\Resource->serializeForDetail(Object(Laravel\\Nova\\Http\\Requests\\ResourceDetailRequest), Object(App\\Nova\\Product))
#13 D:\\xampp\\htdocs\\inventory\\vendor\\laravel\\framework\\src\\Illuminate\\Routing\\Controller.php(54): Laravel\\Nova\\Http\\Controllers\\ResourceShowController->handle(Object(Laravel\\Nova\\Http\\Requests\\ResourceDetailRequest), 'products', '1')
#14 D:\\xampp\\htdocs\\inventory\\vendor\\laravel\\framework\\src\\Illuminate\\Routing\\ControllerDispatcher.php(45): Illuminate\\Routing\\Controller->callAction('handle', Array)
#15 D:\\xampp\\htdocs\\inventory\\vendor\\laravel\\framework\\src\\Illuminate\\Routing\\Route.php(261): Illuminate\\Routing\\ControllerDispatcher->dispatch(Object(Illuminate\\Routing\\Route), Object(Laravel\\Nova\\Http\\Controllers\\ResourceShowController), 'handle')
#16 D:\\xampp\\htdocs\\inventory\\vendor\\laravel\\framework\\src\\Illuminate\\Routing\\Route.php(205): Illuminate\\Routing\\Route->runController()
#17 D:\\xampp\\htdocs\\inventory\\vendor\\laravel\\framework\\src\\Illuminate\\Routing\\Router.php(721): Illuminate\\Routing\\Route->run()
#18 D:\\xampp\\htdocs\\inventory\\vendor\\laravel\\framework\\src\\Illuminate\\Pipeline\\Pipeline.php(128): Illuminate\\Routing\\Router->Illuminate\\Routing\\{closure}(Object(Illuminate\\Http\\Request))
#19 D:\\xampp\\htdocs\\inventory\\app\\Http\\Middleware\\EnsureUserVerified.php(22): Illuminate\\Pipeline\\Pipeline->Illuminate\\Pipeline\\{closure}(Object(Illuminate\\Http\\Request))
#20 D:\\xampp\\htdocs\\inventory\\vendor\\laravel\\framework\\src\\Illuminate\\Pipeline\\Pipeline.php(167): App\\Http\\Middleware\\EnsureUserVerified->handle(Object(Illuminate\\Http\\Request), Object(Closure))
#21 D:\\xampp\\htdocs\\inventory\\repos\\src\\Http\\Middleware\\Authorize.php(18): Illuminate\\Pipeline\\Pipeline->Illuminate\\Pipeline\\{closure}(Object(Illuminate\\Http\\Request))
#22 D:\\xampp\\htdocs\\inventory\\vendor\\laravel\\framework\\src\\Illuminate\\Pipeline\\Pipeline.php(167): Laravel\\Nova\\Http\\Middleware\\Authorize->handle(Object(Illuminate\\Http\\Request), Object(Closure))
#23 D:\\xampp\\htdocs\\inventory\\repos\\src\\Http\\Middleware\\BootTools.php(20): Illuminate\\Pipeline\\Pipeline->Illuminate\\Pipeline\\{closure}(Object(Illuminate\\Http\\Request))
#24 D:\\xampp\\htdocs\\inventory\\vendor\\laravel\\framework\\src\\Illuminate\\Pipeline\\Pipeline.php(167): Laravel\\Nova\\Http\\Middleware\\BootTools->handle(Object(Illuminate\\Http\\Request), Object(Closure))
#25 D:\\xampp\\htdocs\\inventory\\repos\\src\\Http\\Middleware\\DispatchServingNovaEvent.php(20): Illuminate\\Pipeline\\Pipeline->Illuminate\\Pipeline\\{closure}(Object(Illuminate\\Http\\Request))
#26 D:\\xampp\\htdocs\\inventory\\vendor\\laravel\\framework\\src\\Illuminate\\Pipeline\\Pipeline.php(167): Laravel\\Nova\\Http\\Middleware\\DispatchServingNovaEvent->handle(Object(Illuminate\\Http\\Request), Object(Closure))
#27 D:\\xampp\\htdocs\\inventory\\vendor\\laravel\\framework\\src\\Illuminate\\Routing\\Middleware\\SubstituteBindings.php(50): Illuminate\\Pipeline\\Pipeline->Illuminate\\Pipeline\\{closure}(Object(Illuminate\\Http\\Request))
#28 D:\\xampp\\htdocs\\inventory\\vendor\\laravel\\framework\\src\\Illuminate\\Pipeline\\Pipeline.php(167): Illuminate\\Routing\\Middleware\\SubstituteBindings->handle(Object(Illuminate\\Http\\Request), Object(Closure))
#29 D:\\xampp\\htdocs\\inventory\\vendor\\laravel\\framework\\src\\Illuminate\\Auth\\Middleware\\Authenticate.php(44): Illuminate\\Pipeline\\Pipeline->Illuminate\\Pipeline\\{closure}(Object(Illuminate\\Http\\Request))
#30 D:\\xampp\\htdocs\\inventory\\repos\\src\\Http\\Middleware\\Authenticate.php(31): Illuminate\\Auth\\Middleware\\Authenticate->handle(Object(Illuminate\\Http\\Request), Object(Closure))
#31 D:\\xampp\\htdocs\\inventory\\vendor\\laravel\\framework\\src\\Illuminate\\Pipeline\\Pipeline.php(167): Laravel\\Nova\\Http\\Middleware\\Authenticate->handle(Object(Illuminate\\Http\\Request), Object(Closure))
#32 D:\\xampp\\htdocs\\inventory\\vendor\\laravel\\framework\\src\\Illuminate\\Foundation\\Http\\Middleware\\VerifyCsrfToken.php(78): Illuminate\\Pipeline\\Pipeline->Illuminate\\Pipeline\\{closure}(Object(Illuminate\\Http\\Request))
#33 D:\\xampp\\htdocs\\inventory\\vendor\\laravel\\framework\\src\\Illuminate\\Pipeline\\Pipeline.php(167): Illuminate\\Foundation\\Http\\Middleware\\VerifyCsrfToken->handle(Object(Illuminate\\Http\\Request), Object(Closure))
#34 D:\\xampp\\htdocs\\inventory\\vendor\\laravel\\framework\\src\\Illuminate\\View\\Middleware\\ShareErrorsFromSession.php(49): Illuminate\\Pipeline\\Pipeline->Illuminate\\Pipeline\\{closure}(Object(Illuminate\\Http\\Request))
#35 D:\\xampp\\htdocs\\inventory\\vendor\\laravel\\framework\\src\\Illuminate\\Pipeline\\Pipeline.php(167): Illuminate\\View\\Middleware\\ShareErrorsFromSession->handle(Object(Illuminate\\Http\\Request), Object(Closure))
#36 D:\\xampp\\htdocs\\inventory\\vendor\\laravel\\framework\\src\\Illuminate\\Session\\Middleware\\StartSession.php(121): Illuminate\\Pipeline\\Pipeline->Illuminate\\Pipeline\\{closure}(Object(Illuminate\\Http\\Request))
#37 D:\\xampp\\htdocs\\inventory\\vendor\\laravel\\framework\\src\\Illuminate\\Session\\Middleware\\StartSession.php(64): Illuminate\\Session\\Middleware\\StartSession->handleStatefulRequest(Object(Illuminate\\Http\\Request), Object(Illuminate\\Session\\Store), Object(Closure))
#38 D:\\xampp\\htdocs\\inventory\\vendor\\laravel\\framework\\src\\Illuminate\\Pipeline\\Pipeline.php(167): Illuminate\\Session\\Middleware\\StartSession->handle(Object(Illuminate\\Http\\Request), Object(Closure))
#39 D:\\xampp\\htdocs\\inventory\\vendor\\laravel\\framework\\src\\Illuminate\\Cookie\\Middleware\\AddQueuedCookiesToResponse.php(37): Illuminate\\Pipeline\\Pipeline->Illuminate\\Pipeline\\{closure}(Object(Illuminate\\Http\\Request))
#40 D:\\xampp\\htdocs\\inventory\\vendor\\laravel\\framework\\src\\Illuminate\\Pipeline\\Pipeline.php(167): Illuminate\\Cookie\\Middleware\\AddQueuedCookiesToResponse->handle(Object(Illuminate\\Http\\Request), Object(Closure))
#41 D:\\xampp\\htdocs\\inventory\\vendor\\laravel\\framework\\src\\Illuminate\\Cookie\\Middleware\\EncryptCookies.php(67): Illuminate\\Pipeline\\Pipeline->Illuminate\\Pipeline\\{closure}(Object(Illuminate\\Http\\Request))
#42 D:\\xampp\\htdocs\\inventory\\vendor\\laravel\\framework\\src\\Illuminate\\Pipeline\\Pipeline.php(167): Illuminate\\Cookie\\Middleware\\EncryptCookies->handle(Object(Illuminate\\Http\\Request), Object(Closure))
#43 D:\\xampp\\htdocs\\inventory\\vendor\\laravel\\framework\\src\\Illuminate\\Pipeline\\Pipeline.php(103): Illuminate\\Pipeline\\Pipeline->Illuminate\\Pipeline\\{closure}(Object(Illuminate\\Http\\Request))
#44 D:\\xampp\\htdocs\\inventory\\vendor\\laravel\\framework\\src\\Illuminate\\Routing\\Router.php(719): Illuminate\\Pipeline\\Pipeline->then(Object(Closure))
#45 D:\\xampp\\htdocs\\inventory\\vendor\\laravel\\framework\\src\\Illuminate\\Routing\\Router.php(698): Illuminate\\Routing\\Router->runRouteWithinStack(Object(Illuminate\\Routing\\Route), Object(Illuminate\\Http\\Request))
#46 D:\\xampp\\htdocs\\inventory\\vendor\\laravel\\framework\\src\\Illuminate\\Routing\\Router.php(662): Illuminate\\Routing\\Router->runRoute(Object(Illuminate\\Http\\Request), Object(Illuminate\\Routing\\Route))
#47 D:\\xampp\\htdocs\\inventory\\vendor\\laravel\\framework\\src\\Illuminate\\Routing\\Router.php(651): Illuminate\\Routing\\Router->dispatchToRoute(Object(Illuminate\\Http\\Request))
#48 D:\\xampp\\htdocs\\inventory\\vendor\\laravel\\framework\\src\\Illuminate\\Foundation\\Http\\Kernel.php(167): Illuminate\\Routing\\Router->dispatch(Object(Illuminate\\Http\\Request))
#49 D:\\xampp\\htdocs\\inventory\\vendor\\laravel\\framework\\src\\Illuminate\\Pipeline\\Pipeline.php(128): Illuminate\\Foundation\\Http\\Kernel->Illuminate\\Foundation\\Http\\{closure}(Object(Illuminate\\Http\\Request))
#50 D:\\xampp\\htdocs\\inventory\\repos\\src\\Http\\Middleware\\ServeNova.php(24): Illuminate\\Pipeline\\Pipeline->Illuminate\\Pipeline\\{closure}(Object(Illuminate\\Http\\Request))
#51 D:\\xampp\\htdocs\\inventory\\vendor\\laravel\\framework\\src\\Illuminate\\Pipeline\\Pipeline.php(167): Laravel\\Nova\\Http\\Middleware\\ServeNova->handle(Object(Illuminate\\Http\\Request), Object(Closure))
#52 D:\\xampp\\htdocs\\inventory\\vendor\\laravel\\framework\\src\\Illuminate\\Foundation\\Http\\Middleware\\TransformsRequest.php(21): Illuminate\\Pipeline\\Pipeline->Illuminate\\Pipeline\\{closure}(Object(Illuminate\\Http\\Request))
#53 D:\\xampp\\htdocs\\inventory\\vendor\\laravel\\framework\\src\\Illuminate\\Foundation\\Http\\Middleware\\ConvertEmptyStringsToNull.php(31): Illuminate\\Foundation\\Http\\Middleware\\TransformsRequest->handle(Object(Illuminate\\Http\\Request), Object(Closure))
#54 D:\\xampp\\htdocs\\inventory\\vendor\\laravel\\framework\\src\\Illuminate\\Pipeline\\Pipeline.php(167): Illuminate\\Foundation\\Http\\Middleware\\ConvertEmptyStringsToNull->handle(Object(Illuminate\\Http\\Request), Object(Closure))
#55 D:\\xampp\\htdocs\\inventory\\vendor\\laravel\\framework\\src\\Illuminate\\Foundation\\Http\\Middleware\\TransformsRequest.php(21): Illuminate\\Pipeline\\Pipeline->Illuminate\\Pipeline\\{closure}(Object(Illuminate\\Http\\Request))
#56 D:\\xampp\\htdocs\\inventory\\vendor\\laravel\\framework\\src\\Illuminate\\Foundation\\Http\\Middleware\\TrimStrings.php(40): Illuminate\\Foundation\\Http\\Middleware\\TransformsRequest->handle(Object(Illuminate\\Http\\Request), Object(Closure))
#57 D:\\xampp\\htdocs\\inventory\\vendor\\laravel\\framework\\src\\Illuminate\\Pipeline\\Pipeline.php(167): Illuminate\\Foundation\\Http\\Middleware\\TrimStrings->handle(Object(Illuminate\\Http\\Request), Object(Closure))
#58 D:\\xampp\\htdocs\\inventory\\vendor\\laravel\\framework\\src\\Illuminate\\Foundation\\Http\\Middleware\\ValidatePostSize.php(27): Illuminate\\Pipeline\\Pipeline->Illuminate\\Pipeline\\{closure}(Object(Illuminate\\Http\\Request))
#59 D:\\xampp\\htdocs\\inventory\\vendor\\laravel\\framework\\src\\Illuminate\\Pipeline\\Pipeline.php(167): Illuminate\\Foundation\\Http\\Middleware\\ValidatePostSize->handle(Object(Illuminate\\Http\\Request), Object(Closure))
#60 D:\\xampp\\htdocs\\inventory\\vendor\\laravel\\framework\\src\\Illuminate\\Foundation\\Http\\Middleware\\PreventRequestsDuringMaintenance.php(86): Illuminate\\Pipeline\\Pipeline->Illuminate\\Pipeline\\{closure}(Object(Illuminate\\Http\\Request))
#61 D:\\xampp\\htdocs\\inventory\\vendor\\laravel\\framework\\src\\Illuminate\\Pipeline\\Pipeline.php(167): Illuminate\\Foundation\\Http\\Middleware\\PreventRequestsDuringMaintenance->handle(Object(Illuminate\\Http\\Request), Object(Closure))
#62 D:\\xampp\\htdocs\\inventory\\vendor\\fruitcake\\laravel-cors\\src\\HandleCors.php(38): Illuminate\\Pipeline\\Pipeline->Illuminate\\Pipeline\\{closure}(Object(Illuminate\\Http\\Request))
#63 D:\\xampp\\htdocs\\inventory\\vendor\\laravel\\framework\\src\\Illuminate\\Pipeline\\Pipeline.php(167): Fruitcake\\Cors\\HandleCors->handle(Object(Illuminate\\Http\\Request), Object(Closure))
#64 D:\\xampp\\htdocs\\inventory\\vendor\\laravel\\framework\\src\\Illuminate\\Http\\Middleware\\TrustProxies.php(39): Illuminate\\Pipeline\\Pipeline->Illuminate\\Pipeline\\{closure}(Object(Illuminate\\Http\\Request))
#65 D:\\xampp\\htdocs\\inventory\\vendor\\laravel\\framework\\src\\Illuminate\\Pipeline\\Pipeline.php(167): Illuminate\\Http\\Middleware\\TrustProxies->handle(Object(Illuminate\\Http\\Request), Object(Closure))
#66 D:\\xampp\\htdocs\\inventory\\vendor\\laravel\\framework\\src\\Illuminate\\Pipeline\\Pipeline.php(103): Illuminate\\Pipeline\\Pipeline->Illuminate\\Pipeline\\{closure}(Object(Illuminate\\Http\\Request))
#67 D:\\xampp\\htdocs\\inventory\\vendor\\laravel\\framework\\src\\Illuminate\\Foundation\\Http\\Kernel.php(142): Illuminate\\Pipeline\\Pipeline->then(Object(Closure))
#68 D:\\xampp\\htdocs\\inventory\\vendor\\laravel\\framework\\src\\Illuminate\\Foundation\\Http\\Kernel.php(111): Illuminate\\Foundation\\Http\\Kernel->sendRequestThroughRouter(Object(Illuminate\\Http\\Request))
#69 D:\\xampp\\htdocs\\inventory\\public\\index.php(51): Illuminate\\Foundation\\Http\\Kernel->handle(Object(Illuminate\\Http\\Request))
#70 {main}
"} 
[2025-11-21 00:30:59] local.ERROR: The Symfony\Component\Intl\NumberFormatter\NumberFormatter::setAttribute() method's argument $attr value 2 behavior is not implemented. The available attributes are: FRACTION_DIGITS, GROUPING_USED, ROUNDING_MODE.  Please install the "intl" extension for full localization capabilities. {"userId":1,"exception":"[object] (Symfony\\Component\\Intl\\Exception\\MethodArgumentValueNotImplementedException(code: 0): The Symfony\\Component\\Intl\\NumberFormatter\\NumberFormatter::setAttribute() method's argument $attr value 2 behavior is not implemented. The available attributes are: FRACTION_DIGITS, GROUPING_USED, ROUNDING_MODE.  Please install the \"intl\" extension for full localization capabilities. at D:\\xampp\\htdocs\\inventory\\vendor\\symfony\\intl\\NumberFormatter\\NumberFormatter.php:582)
[stacktrace]
#0 D:\\xampp\\htdocs\\inventory\\vendor\\brick\\money\\src\\Money.php(777): Symfony\\Component\\Intl\\NumberFormatter\\NumberFormatter->setAttribute(7, 2)
#1 D:\\xampp\\htdocs\\inventory\\repos\\src\\Fields\\Currency.php(132): Brick\\Money\\Money->formatTo('en')
#2 D:\\xampp\\htdocs\\inventory\\repos\\src\\Fields\\Currency.php(89): Laravel\\Nova\\Fields\\Currency->formatMoney('43930.00')
#3 [internal function]: Laravel\\Nova\\Fields\\Currency->Laravel\\Nova\\Fields\\{closure}('43930.00', Object(App\\Models\\Product), 'price')
#4 D:\\xampp\\htdocs\\inventory\\repos\\src\\Fields\\Field.php(224): call_user_func(Object(Closure), '43930.00', Object(App\\Models\\Product), 'price')
#5 D:\\xampp\\htdocs\\inventory\\vendor\\laravel\\framework\\src\\Illuminate\\Support\\helpers.php(276): Laravel\\Nova\\Fields\\Field->Laravel\\Nova\\Fields\\{closure}('43930.00')
#6 D:\\xampp\\htdocs\\inventory\\repos\\src\\Fields\\Field.php(223): tap('43930.00', Object(Closure))
#7 D:\\xampp\\htdocs\\inventory\\repos\\src\\ResolvesFields.php(75): Laravel\\Nova\\Fields\\Field->resolveForDisplay(Object(App\\Models\\Product))
#8 D:\\xampp\\htdocs\\inventory\\vendor\\laravel\\framework\\src\\Illuminate\\Collections\\Traits\\EnumeratesValues.php(245): Laravel\\Nova\\Resource->Laravel\\Nova\\{closure}(Object(Laravel\\Nova\\Fields\\Currency), 4)
#9 D:\\xampp\\htdocs\\inventory\\repos\\src\\ResolvesFields.php(65): Illuminate\\Support\\Collection->each(Object(Closure))
#10 D:\\xampp\\htdocs\\inventory\\repos\\src\\ResolvesFields.php(212): Laravel\\Nova\\Resource->detailFields(Object(Laravel\\Nova\\Http\\Requests\\ResourceDetailRequest))
#11 D:\\xampp\\htdocs\\inventory\\repos\\src\\Resource.php(486): Laravel\\Nova\\Resource->detailFieldsWithinPanels(Object(Laravel\\Nova\\Http\\Requests\\ResourceDetailRequest), Object(App\\Nova\\Product))
#12 D:\\xampp\\htdocs\\inventory\\repos\\src\\Http\\Controllers\\ResourceShowController.php(28): Laravel\\Nova\\Resource->serializeForDetail(Object(Laravel\\Nova\\Http\\Requests\\ResourceDetailRequest), Object(App\\Nova\\Product))
#13 D:\\xampp\\htdocs\\inventory\\vendor\\laravel\\framework\\src\\Illuminate\\Routing\\Controller.php(54): Laravel\\Nova\\Http\\Controllers\\ResourceShowController->handle(Object(Laravel\\Nova\\Http\\Requests\\ResourceDetailRequest), 'products', '1')
#14 D:\\xampp\\htdocs\\inventory\\vendor\\laravel\\framework\\src\\Illuminate\\Routing\\ControllerDispatcher.php(45): Illuminate\\Routing\\Controller->callAction('handle', Array)
#15 D:\\xampp\\htdocs\\inventory\\vendor\\laravel\\framework\\src\\Illuminate\\Routing\\Route.php(261): Illuminate\\Routing\\ControllerDispatcher->dispatch(Object(Illuminate\\Routing\\Route), Object(Laravel\\Nova\\Http\\Controllers\\ResourceShowController), 'handle')
#16 D:\\xampp\\htdocs\\inventory\\vendor\\laravel\\framework\\src\\Illuminate\\Routing\\Route.php(205): Illuminate\\Routing\\Route->runController()
#17 D:\\xampp\\htdocs\\inventory\\vendor\\laravel\\framework\\src\\Illuminate\\Routing\\Router.php(721): Illuminate\\Routing\\Route->run()
#18 D:\\xampp\\htdocs\\inventory\\vendor\\laravel\\framework\\src\\Illuminate\\Pipeline\\Pipeline.php(128): Illuminate\\Routing\\Router->Illuminate\\Routing\\{closure}(Object(Illuminate\\Http\\Request))
#19 D:\\xampp\\htdocs\\inventory\\app\\Http\\Middleware\\EnsureUserVerified.php(22): Illuminate\\Pipeline\\Pipeline->Illuminate\\Pipeline\\{closure}(Object(Illuminate\\Http\\Request))
#20 D:\\xampp\\htdocs\\inventory\\vendor\\laravel\\framework\\src\\Illuminate\\Pipeline\\Pipeline.php(167): App\\Http\\Middleware\\EnsureUserVerified->handle(Object(Illuminate\\Http\\Request), Object(Closure))
#21 D:\\xampp\\htdocs\\inventory\\repos\\src\\Http\\Middleware\\Authorize.php(18): Illuminate\\Pipeline\\Pipeline->Illuminate\\Pipeline\\{closure}(Object(Illuminate\\Http\\Request))
#22 D:\\xampp\\htdocs\\inventory\\vendor\\laravel\\framework\\src\\Illuminate\\Pipeline\\Pipeline.php(167): Laravel\\Nova\\Http\\Middleware\\Authorize->handle(Object(Illuminate\\Http\\Request), Object(Closure))
#23 D:\\xampp\\htdocs\\inventory\\repos\\src\\Http\\Middleware\\BootTools.php(20): Illuminate\\Pipeline\\Pipeline->Illuminate\\Pipeline\\{closure}(Object(Illuminate\\Http\\Request))
#24 D:\\xampp\\htdocs\\inventory\\vendor\\laravel\\framework\\src\\Illuminate\\Pipeline\\Pipeline.php(167): Laravel\\Nova\\Http\\Middleware\\BootTools->handle(Object(Illuminate\\Http\\Request), Object(Closure))
#25 D:\\xampp\\htdocs\\inventory\\repos\\src\\Http\\Middleware\\DispatchServingNovaEvent.php(20): Illuminate\\Pipeline\\Pipeline->Illuminate\\Pipeline\\{closure}(Object(Illuminate\\Http\\Request))
#26 D:\\xampp\\htdocs\\inventory\\vendor\\laravel\\framework\\src\\Illuminate\\Pipeline\\Pipeline.php(167): Laravel\\Nova\\Http\\Middleware\\DispatchServingNovaEvent->handle(Object(Illuminate\\Http\\Request), Object(Closure))
#27 D:\\xampp\\htdocs\\inventory\\vendor\\laravel\\framework\\src\\Illuminate\\Routing\\Middleware\\SubstituteBindings.php(50): Illuminate\\Pipeline\\Pipeline->Illuminate\\Pipeline\\{closure}(Object(Illuminate\\Http\\Request))
#28 D:\\xampp\\htdocs\\inventory\\vendor\\laravel\\framework\\src\\Illuminate\\Pipeline\\Pipeline.php(167): Illuminate\\Routing\\Middleware\\SubstituteBindings->handle(Object(Illuminate\\Http\\Request), Object(Closure))
#29 D:\\xampp\\htdocs\\inventory\\vendor\\laravel\\framework\\src\\Illuminate\\Auth\\Middleware\\Authenticate.php(44): Illuminate\\Pipeline\\Pipeline->Illuminate\\Pipeline\\{closure}(Object(Illuminate\\Http\\Request))
#30 D:\\xampp\\htdocs\\inventory\\repos\\src\\Http\\Middleware\\Authenticate.php(31): Illuminate\\Auth\\Middleware\\Authenticate->handle(Object(Illuminate\\Http\\Request), Object(Closure))
#31 D:\\xampp\\htdocs\\inventory\\vendor\\laravel\\framework\\src\\Illuminate\\Pipeline\\Pipeline.php(167): Laravel\\Nova\\Http\\Middleware\\Authenticate->handle(Object(Illuminate\\Http\\Request), Object(Closure))
#32 D:\\xampp\\htdocs\\inventory\\vendor\\laravel\\framework\\src\\Illuminate\\Foundation\\Http\\Middleware\\VerifyCsrfToken.php(78): Illuminate\\Pipeline\\Pipeline->Illuminate\\Pipeline\\{closure}(Object(Illuminate\\Http\\Request))
#33 D:\\xampp\\htdocs\\inventory\\vendor\\laravel\\framework\\src\\Illuminate\\Pipeline\\Pipeline.php(167): Illuminate\\Foundation\\Http\\Middleware\\VerifyCsrfToken->handle(Object(Illuminate\\Http\\Request), Object(Closure))
#34 D:\\xampp\\htdocs\\inventory\\vendor\\laravel\\framework\\src\\Illuminate\\View\\Middleware\\ShareErrorsFromSession.php(49): Illuminate\\Pipeline\\Pipeline->Illuminate\\Pipeline\\{closure}(Object(Illuminate\\Http\\Request))
#35 D:\\xampp\\htdocs\\inventory\\vendor\\laravel\\framework\\src\\Illuminate\\Pipeline\\Pipeline.php(167): Illuminate\\View\\Middleware\\ShareErrorsFromSession->handle(Object(Illuminate\\Http\\Request), Object(Closure))
#36 D:\\xampp\\htdocs\\inventory\\vendor\\laravel\\framework\\src\\Illuminate\\Session\\Middleware\\StartSession.php(121): Illuminate\\Pipeline\\Pipeline->Illuminate\\Pipeline\\{closure}(Object(Illuminate\\Http\\Request))
#37 D:\\xampp\\htdocs\\inventory\\vendor\\laravel\\framework\\src\\Illuminate\\Session\\Middleware\\StartSession.php(64): Illuminate\\Session\\Middleware\\StartSession->handleStatefulRequest(Object(Illuminate\\Http\\Request), Object(Illuminate\\Session\\Store), Object(Closure))
#38 D:\\xampp\\htdocs\\inventory\\vendor\\laravel\\framework\\src\\Illuminate\\Pipeline\\Pipeline.php(167): Illuminate\\Session\\Middleware\\StartSession->handle(Object(Illuminate\\Http\\Request), Object(Closure))
#39 D:\\xampp\\htdocs\\inventory\\vendor\\laravel\\framework\\src\\Illuminate\\Cookie\\Middleware\\AddQueuedCookiesToResponse.php(37): Illuminate\\Pipeline\\Pipeline->Illuminate\\Pipeline\\{closure}(Object(Illuminate\\Http\\Request))
#40 D:\\xampp\\htdocs\\inventory\\vendor\\laravel\\framework\\src\\Illuminate\\Pipeline\\Pipeline.php(167): Illuminate\\Cookie\\Middleware\\AddQueuedCookiesToResponse->handle(Object(Illuminate\\Http\\Request), Object(Closure))
#41 D:\\xampp\\htdocs\\inventory\\vendor\\laravel\\framework\\src\\Illuminate\\Cookie\\Middleware\\EncryptCookies.php(67): Illuminate\\Pipeline\\Pipeline->Illuminate\\Pipeline\\{closure}(Object(Illuminate\\Http\\Request))
#42 D:\\xampp\\htdocs\\inventory\\vendor\\laravel\\framework\\src\\Illuminate\\Pipeline\\Pipeline.php(167): Illuminate\\Cookie\\Middleware\\EncryptCookies->handle(Object(Illuminate\\Http\\Request), Object(Closure))
#43 D:\\xampp\\htdocs\\inventory\\vendor\\laravel\\framework\\src\\Illuminate\\Pipeline\\Pipeline.php(103): Illuminate\\Pipeline\\Pipeline->Illuminate\\Pipeline\\{closure}(Object(Illuminate\\Http\\Request))
#44 D:\\xampp\\htdocs\\inventory\\vendor\\laravel\\framework\\src\\Illuminate\\Routing\\Router.php(719): Illuminate\\Pipeline\\Pipeline->then(Object(Closure))
#45 D:\\xampp\\htdocs\\inventory\\vendor\\laravel\\framework\\src\\Illuminate\\Routing\\Router.php(698): Illuminate\\Routing\\Router->runRouteWithinStack(Object(Illuminate\\Routing\\Route), Object(Illuminate\\Http\\Request))
#46 D:\\xampp\\htdocs\\inventory\\vendor\\laravel\\framework\\src\\Illuminate\\Routing\\Router.php(662): Illuminate\\Routing\\Router->runRoute(Object(Illuminate\\Http\\Request), Object(Illuminate\\Routing\\Route))
#47 D:\\xampp\\htdocs\\inventory\\vendor\\laravel\\framework\\src\\Illuminate\\Routing\\Router.php(651): Illuminate\\Routing\\Router->dispatchToRoute(Object(Illuminate\\Http\\Request))
#48 D:\\xampp\\htdocs\\inventory\\vendor\\laravel\\framework\\src\\Illuminate\\Foundation\\Http\\Kernel.php(167): Illuminate\\Routing\\Router->dispatch(Object(Illuminate\\Http\\Request))
#49 D:\\xampp\\htdocs\\inventory\\vendor\\laravel\\framework\\src\\Illuminate\\Pipeline\\Pipeline.php(128): Illuminate\\Foundation\\Http\\Kernel->Illuminate\\Foundation\\Http\\{closure}(Object(Illuminate\\Http\\Request))
#50 D:\\xampp\\htdocs\\inventory\\repos\\src\\Http\\Middleware\\ServeNova.php(24): Illuminate\\Pipeline\\Pipeline->Illuminate\\Pipeline\\{closure}(Object(Illuminate\\Http\\Request))
#51 D:\\xampp\\htdocs\\inventory\\vendor\\laravel\\framework\\src\\Illuminate\\Pipeline\\Pipeline.php(167): Laravel\\Nova\\Http\\Middleware\\ServeNova->handle(Object(Illuminate\\Http\\Request), Object(Closure))
#52 D:\\xampp\\htdocs\\inventory\\vendor\\laravel\\framework\\src\\Illuminate\\Foundation\\Http\\Middleware\\TransformsRequest.php(21): Illuminate\\Pipeline\\Pipeline->Illuminate\\Pipeline\\{closure}(Object(Illuminate\\Http\\Request))
#53 D:\\xampp\\htdocs\\inventory\\vendor\\laravel\\framework\\src\\Illuminate\\Foundation\\Http\\Middleware\\ConvertEmptyStringsToNull.php(31): Illuminate\\Foundation\\Http\\Middleware\\TransformsRequest->handle(Object(Illuminate\\Http\\Request), Object(Closure))
#54 D:\\xampp\\htdocs\\inventory\\vendor\\laravel\\framework\\src\\Illuminate\\Pipeline\\Pipeline.php(167): Illuminate\\Foundation\\Http\\Middleware\\ConvertEmptyStringsToNull->handle(Object(Illuminate\\Http\\Request), Object(Closure))
#55 D:\\xampp\\htdocs\\inventory\\vendor\\laravel\\framework\\src\\Illuminate\\Foundation\\Http\\Middleware\\TransformsRequest.php(21): Illuminate\\Pipeline\\Pipeline->Illuminate\\Pipeline\\{closure}(Object(Illuminate\\Http\\Request))
#56 D:\\xampp\\htdocs\\inventory\\vendor\\laravel\\framework\\src\\Illuminate\\Foundation\\Http\\Middleware\\TrimStrings.php(40): Illuminate\\Foundation\\Http\\Middleware\\TransformsRequest->handle(Object(Illuminate\\Http\\Request), Object(Closure))
#57 D:\\xampp\\htdocs\\inventory\\vendor\\laravel\\framework\\src\\Illuminate\\Pipeline\\Pipeline.php(167): Illuminate\\Foundation\\Http\\Middleware\\TrimStrings->handle(Object(Illuminate\\Http\\Request), Object(Closure))
#58 D:\\xampp\\htdocs\\inventory\\vendor\\laravel\\framework\\src\\Illuminate\\Foundation\\Http\\Middleware\\ValidatePostSize.php(27): Illuminate\\Pipeline\\Pipeline->Illuminate\\Pipeline\\{closure}(Object(Illuminate\\Http\\Request))
#59 D:\\xampp\\htdocs\\inventory\\vendor\\laravel\\framework\\src\\Illuminate\\Pipeline\\Pipeline.php(167): Illuminate\\Foundation\\Http\\Middleware\\ValidatePostSize->handle(Object(Illuminate\\Http\\Request), Object(Closure))
#60 D:\\xampp\\htdocs\\inventory\\vendor\\laravel\\framework\\src\\Illuminate\\Foundation\\Http\\Middleware\\PreventRequestsDuringMaintenance.php(86): Illuminate\\Pipeline\\Pipeline->Illuminate\\Pipeline\\{closure}(Object(Illuminate\\Http\\Request))
#61 D:\\xampp\\htdocs\\inventory\\vendor\\laravel\\framework\\src\\Illuminate\\Pipeline\\Pipeline.php(167): Illuminate\\Foundation\\Http\\Middleware\\PreventRequestsDuringMaintenance->handle(Object(Illuminate\\Http\\Request), Object(Closure))
#62 D:\\xampp\\htdocs\\inventory\\vendor\\fruitcake\\laravel-cors\\src\\HandleCors.php(38): Illuminate\\Pipeline\\Pipeline->Illuminate\\Pipeline\\{closure}(Object(Illuminate\\Http\\Request))
#63 D:\\xampp\\htdocs\\inventory\\vendor\\laravel\\framework\\src\\Illuminate\\Pipeline\\Pipeline.php(167): Fruitcake\\Cors\\HandleCors->handle(Object(Illuminate\\Http\\Request), Object(Closure))
#64 D:\\xampp\\htdocs\\inventory\\vendor\\laravel\\framework\\src\\Illuminate\\Http\\Middleware\\TrustProxies.php(39): Illuminate\\Pipeline\\Pipeline->Illuminate\\Pipeline\\{closure}(Object(Illuminate\\Http\\Request))
#65 D:\\xampp\\htdocs\\inventory\\vendor\\laravel\\framework\\src\\Illuminate\\Pipeline\\Pipeline.php(167): Illuminate\\Http\\Middleware\\TrustProxies->handle(Object(Illuminate\\Http\\Request), Object(Closure))
#66 D:\\xampp\\htdocs\\inventory\\vendor\\laravel\\framework\\src\\Illuminate\\Pipeline\\Pipeline.php(103): Illuminate\\Pipeline\\Pipeline->Illuminate\\Pipeline\\{closure}(Object(Illuminate\\Http\\Request))
#67 D:\\xampp\\htdocs\\inventory\\vendor\\laravel\\framework\\src\\Illuminate\\Foundation\\Http\\Kernel.php(142): Illuminate\\Pipeline\\Pipeline->then(Object(Closure))
#68 D:\\xampp\\htdocs\\inventory\\vendor\\laravel\\framework\\src\\Illuminate\\Foundation\\Http\\Kernel.php(111): Illuminate\\Foundation\\Http\\Kernel->sendRequestThroughRouter(Object(Illuminate\\Http\\Request))
#69 D:\\xampp\\htdocs\\inventory\\public\\index.php(51): Illuminate\\Foundation\\Http\\Kernel->handle(Object(Illuminate\\Http\\Request))
#70 {main}
"} 
[2025-11-21 00:31:11] local.ERROR: The Symfony\Component\Intl\NumberFormatter\NumberFormatter::setAttribute() method's argument $attr value 2 behavior is not implemented. The available attributes are: FRACTION_DIGITS, GROUPING_USED, ROUNDING_MODE.  Please install the "intl" extension for full localization capabilities. {"userId":1,"exception":"[object] (Symfony\\Component\\Intl\\Exception\\MethodArgumentValueNotImplementedException(code: 0): The Symfony\\Component\\Intl\\NumberFormatter\\NumberFormatter::setAttribute() method's argument $attr value 2 behavior is not implemented. The available attributes are: FRACTION_DIGITS, GROUPING_USED, ROUNDING_MODE.  Please install the \"intl\" extension for full localization capabilities. at D:\\xampp\\htdocs\\inventory\\vendor\\symfony\\intl\\NumberFormatter\\NumberFormatter.php:582)
[stacktrace]
#0 D:\\xampp\\htdocs\\inventory\\vendor\\brick\\money\\src\\Money.php(777): Symfony\\Component\\Intl\\NumberFormatter\\NumberFormatter->setAttribute(7, 2)
#1 D:\\xampp\\htdocs\\inventory\\repos\\src\\Fields\\Currency.php(132): Brick\\Money\\Money->formatTo('en')
#2 D:\\xampp\\htdocs\\inventory\\repos\\src\\Fields\\Currency.php(89): Laravel\\Nova\\Fields\\Currency->formatMoney('43930.00')
#3 [internal function]: Laravel\\Nova\\Fields\\Currency->Laravel\\Nova\\Fields\\{closure}('43930.00', Object(App\\Models\\Product), 'price')
#4 D:\\xampp\\htdocs\\inventory\\repos\\src\\Fields\\Field.php(224): call_user_func(Object(Closure), '43930.00', Object(App\\Models\\Product), 'price')
#5 D:\\xampp\\htdocs\\inventory\\vendor\\laravel\\framework\\src\\Illuminate\\Support\\helpers.php(276): Laravel\\Nova\\Fields\\Field->Laravel\\Nova\\Fields\\{closure}('43930.00')
#6 D:\\xampp\\htdocs\\inventory\\repos\\src\\Fields\\Field.php(223): tap('43930.00', Object(Closure))
#7 D:\\xampp\\htdocs\\inventory\\repos\\src\\ResolvesFields.php(39): Laravel\\Nova\\Fields\\Field->resolveForDisplay(Object(App\\Models\\Product))
#8 D:\\xampp\\htdocs\\inventory\\vendor\\laravel\\framework\\src\\Illuminate\\Collections\\Traits\\EnumeratesValues.php(245): Laravel\\Nova\\Resource->Laravel\\Nova\\{closure}(Object(Laravel\\Nova\\Fields\\Currency), 4)
#9 D:\\xampp\\htdocs\\inventory\\repos\\src\\ResolvesFields.php(37): Illuminate\\Support\\Collection->each(Object(Closure))
#10 D:\\xampp\\htdocs\\inventory\\repos\\src\\Resource.php(463): Laravel\\Nova\\Resource->indexFields(Object(Laravel\\Nova\\Http\\Requests\\ResourceIndexRequest))
#11 D:\\xampp\\htdocs\\inventory\\vendor\\laravel\\framework\\src\\Illuminate\\Collections\\HigherOrderCollectionProxy.php(60): Laravel\\Nova\\Resource->serializeForIndex(Object(Laravel\\Nova\\Http\\Requests\\ResourceIndexRequest))
#12 [internal function]: Illuminate\\Support\\HigherOrderCollectionProxy->Illuminate\\Support\\{closure}(Object(App\\Nova\\Product), 0)
#13 D:\\xampp\\htdocs\\inventory\\vendor\\laravel\\framework\\src\\Illuminate\\Collections\\Collection.php(695): array_map(Object(Closure), Array, Array)
#14 D:\\xampp\\htdocs\\inventory\\vendor\\laravel\\framework\\src\\Illuminate\\Collections\\HigherOrderCollectionProxy.php(59): Illuminate\\Support\\Collection->map(Object(Closure))
#15 D:\\xampp\\htdocs\\inventory\\repos\\src\\Http\\Controllers\\ResourceIndexController.php(24): Illuminate\\Support\\HigherOrderCollectionProxy->__call('serializeForInd...', Array)
#16 D:\\xampp\\htdocs\\inventory\\vendor\\laravel\\framework\\src\\Illuminate\\Routing\\Controller.php(54): Laravel\\Nova\\Http\\Controllers\\ResourceIndexController->handle(Object(Laravel\\Nova\\Http\\Requests\\ResourceIndexRequest), 'products')
#17 D:\\xampp\\htdocs\\inventory\\vendor\\laravel\\framework\\src\\Illuminate\\Routing\\ControllerDispatcher.php(45): Illuminate\\Routing\\Controller->callAction('handle', Array)
#18 D:\\xampp\\htdocs\\inventory\\vendor\\laravel\\framework\\src\\Illuminate\\Routing\\Route.php(261): Illuminate\\Routing\\ControllerDispatcher->dispatch(Object(Illuminate\\Routing\\Route), Object(Laravel\\Nova\\Http\\Controllers\\ResourceIndexController), 'handle')
#19 D:\\xampp\\htdocs\\inventory\\vendor\\laravel\\framework\\src\\Illuminate\\Routing\\Route.php(205): Illuminate\\Routing\\Route->runController()
#20 D:\\xampp\\htdocs\\inventory\\vendor\\laravel\\framework\\src\\Illuminate\\Routing\\Router.php(721): Illuminate\\Routing\\Route->run()
#21 D:\\xampp\\htdocs\\inventory\\vendor\\laravel\\framework\\src\\Illuminate\\Pipeline\\Pipeline.php(128): Illuminate\\Routing\\Router->Illuminate\\Routing\\{closure}(Object(Illuminate\\Http\\Request))
#22 D:\\xampp\\htdocs\\inventory\\app\\Http\\Middleware\\EnsureUserVerified.php(22): Illuminate\\Pipeline\\Pipeline->Illuminate\\Pipeline\\{closure}(Object(Illuminate\\Http\\Request))
#23 D:\\xampp\\htdocs\\inventory\\vendor\\laravel\\framework\\src\\Illuminate\\Pipeline\\Pipeline.php(167): App\\Http\\Middleware\\EnsureUserVerified->handle(Object(Illuminate\\Http\\Request), Object(Closure))
#24 D:\\xampp\\htdocs\\inventory\\repos\\src\\Http\\Middleware\\Authorize.php(18): Illuminate\\Pipeline\\Pipeline->Illuminate\\Pipeline\\{closure}(Object(Illuminate\\Http\\Request))
#25 D:\\xampp\\htdocs\\inventory\\vendor\\laravel\\framework\\src\\Illuminate\\Pipeline\\Pipeline.php(167): Laravel\\Nova\\Http\\Middleware\\Authorize->handle(Object(Illuminate\\Http\\Request), Object(Closure))
#26 D:\\xampp\\htdocs\\inventory\\repos\\src\\Http\\Middleware\\BootTools.php(20): Illuminate\\Pipeline\\Pipeline->Illuminate\\Pipeline\\{closure}(Object(Illuminate\\Http\\Request))
#27 D:\\xampp\\htdocs\\inventory\\vendor\\laravel\\framework\\src\\Illuminate\\Pipeline\\Pipeline.php(167): Laravel\\Nova\\Http\\Middleware\\BootTools->handle(Object(Illuminate\\Http\\Request), Object(Closure))
#28 D:\\xampp\\htdocs\\inventory\\repos\\src\\Http\\Middleware\\DispatchServingNovaEvent.php(20): Illuminate\\Pipeline\\Pipeline->Illuminate\\Pipeline\\{closure}(Object(Illuminate\\Http\\Request))
#29 D:\\xampp\\htdocs\\inventory\\vendor\\laravel\\framework\\src\\Illuminate\\Pipeline\\Pipeline.php(167): Laravel\\Nova\\Http\\Middleware\\DispatchServingNovaEvent->handle(Object(Illuminate\\Http\\Request), Object(Closure))
#30 D:\\xampp\\htdocs\\inventory\\vendor\\laravel\\framework\\src\\Illuminate\\Routing\\Middleware\\SubstituteBindings.php(50): Illuminate\\Pipeline\\Pipeline->Illuminate\\Pipeline\\{closure}(Object(Illuminate\\Http\\Request))
#31 D:\\xampp\\htdocs\\inventory\\vendor\\laravel\\framework\\src\\Illuminate\\Pipeline\\Pipeline.php(167): Illuminate\\Routing\\Middleware\\SubstituteBindings->handle(Object(Illuminate\\Http\\Request), Object(Closure))
#32 D:\\xampp\\htdocs\\inventory\\vendor\\laravel\\framework\\src\\Illuminate\\Auth\\Middleware\\Authenticate.php(44): Illuminate\\Pipeline\\Pipeline->Illuminate\\Pipeline\\{closure}(Object(Illuminate\\Http\\Request))
#33 D:\\xampp\\htdocs\\inventory\\repos\\src\\Http\\Middleware\\Authenticate.php(31): Illuminate\\Auth\\Middleware\\Authenticate->handle(Object(Illuminate\\Http\\Request), Object(Closure))
#34 D:\\xampp\\htdocs\\inventory\\vendor\\laravel\\framework\\src\\Illuminate\\Pipeline\\Pipeline.php(167): Laravel\\Nova\\Http\\Middleware\\Authenticate->handle(Object(Illuminate\\Http\\Request), Object(Closure))
#35 D:\\xampp\\htdocs\\inventory\\vendor\\laravel\\framework\\src\\Illuminate\\Foundation\\Http\\Middleware\\VerifyCsrfToken.php(78): Illuminate\\Pipeline\\Pipeline->Illuminate\\Pipeline\\{closure}(Object(Illuminate\\Http\\Request))
#36 D:\\xampp\\htdocs\\inventory\\vendor\\laravel\\framework\\src\\Illuminate\\Pipeline\\Pipeline.php(167): Illuminate\\Foundation\\Http\\Middleware\\VerifyCsrfToken->handle(Object(Illuminate\\Http\\Request), Object(Closure))
#37 D:\\xampp\\htdocs\\inventory\\vendor\\laravel\\framework\\src\\Illuminate\\View\\Middleware\\ShareErrorsFromSession.php(49): Illuminate\\Pipeline\\Pipeline->Illuminate\\Pipeline\\{closure}(Object(Illuminate\\Http\\Request))
#38 D:\\xampp\\htdocs\\inventory\\vendor\\laravel\\framework\\src\\Illuminate\\Pipeline\\Pipeline.php(167): Illuminate\\View\\Middleware\\ShareErrorsFromSession->handle(Object(Illuminate\\Http\\Request), Object(Closure))
#39 D:\\xampp\\htdocs\\inventory\\vendor\\laravel\\framework\\src\\Illuminate\\Session\\Middleware\\StartSession.php(121): Illuminate\\Pipeline\\Pipeline->Illuminate\\Pipeline\\{closure}(Object(Illuminate\\Http\\Request))
#40 D:\\xampp\\htdocs\\inventory\\vendor\\laravel\\framework\\src\\Illuminate\\Session\\Middleware\\StartSession.php(64): Illuminate\\Session\\Middleware\\StartSession->handleStatefulRequest(Object(Illuminate\\Http\\Request), Object(Illuminate\\Session\\Store), Object(Closure))
#41 D:\\xampp\\htdocs\\inventory\\vendor\\laravel\\framework\\src\\Illuminate\\Pipeline\\Pipeline.php(167): Illuminate\\Session\\Middleware\\StartSession->handle(Object(Illuminate\\Http\\Request), Object(Closure))
#42 D:\\xampp\\htdocs\\inventory\\vendor\\laravel\\framework\\src\\Illuminate\\Cookie\\Middleware\\AddQueuedCookiesToResponse.php(37): Illuminate\\Pipeline\\Pipeline->Illuminate\\Pipeline\\{closure}(Object(Illuminate\\Http\\Request))
#43 D:\\xampp\\htdocs\\inventory\\vendor\\laravel\\framework\\src\\Illuminate\\Pipeline\\Pipeline.php(167): Illuminate\\Cookie\\Middleware\\AddQueuedCookiesToResponse->handle(Object(Illuminate\\Http\\Request), Object(Closure))
#44 D:\\xampp\\htdocs\\inventory\\vendor\\laravel\\framework\\src\\Illuminate\\Cookie\\Middleware\\EncryptCookies.php(67): Illuminate\\Pipeline\\Pipeline->Illuminate\\Pipeline\\{closure}(Object(Illuminate\\Http\\Request))
#45 D:\\xampp\\htdocs\\inventory\\vendor\\laravel\\framework\\src\\Illuminate\\Pipeline\\Pipeline.php(167): Illuminate\\Cookie\\Middleware\\EncryptCookies->handle(Object(Illuminate\\Http\\Request), Object(Closure))
#46 D:\\xampp\\htdocs\\inventory\\vendor\\laravel\\framework\\src\\Illuminate\\Pipeline\\Pipeline.php(103): Illuminate\\Pipeline\\Pipeline->Illuminate\\Pipeline\\{closure}(Object(Illuminate\\Http\\Request))
#47 D:\\xampp\\htdocs\\inventory\\vendor\\laravel\\framework\\src\\Illuminate\\Routing\\Router.php(719): Illuminate\\Pipeline\\Pipeline->then(Object(Closure))
#48 D:\\xampp\\htdocs\\inventory\\vendor\\laravel\\framework\\src\\Illuminate\\Routing\\Router.php(698): Illuminate\\Routing\\Router->runRouteWithinStack(Object(Illuminate\\Routing\\Route), Object(Illuminate\\Http\\Request))
#49 D:\\xampp\\htdocs\\inventory\\vendor\\laravel\\framework\\src\\Illuminate\\Routing\\Router.php(662): Illuminate\\Routing\\Router->runRoute(Object(Illuminate\\Http\\Request), Object(Illuminate\\Routing\\Route))
#50 D:\\xampp\\htdocs\\inventory\\vendor\\laravel\\framework\\src\\Illuminate\\Routing\\Router.php(651): Illuminate\\Routing\\Router->dispatchToRoute(Object(Illuminate\\Http\\Request))
#51 D:\\xampp\\htdocs\\inventory\\vendor\\laravel\\framework\\src\\Illuminate\\Foundation\\Http\\Kernel.php(167): Illuminate\\Routing\\Router->dispatch(Object(Illuminate\\Http\\Request))
#52 D:\\xampp\\htdocs\\inventory\\vendor\\laravel\\framework\\src\\Illuminate\\Pipeline\\Pipeline.php(128): Illuminate\\Foundation\\Http\\Kernel->Illuminate\\Foundation\\Http\\{closure}(Object(Illuminate\\Http\\Request))
#53 D:\\xampp\\htdocs\\inventory\\repos\\src\\Http\\Middleware\\ServeNova.php(24): Illuminate\\Pipeline\\Pipeline->Illuminate\\Pipeline\\{closure}(Object(Illuminate\\Http\\Request))
#54 D:\\xampp\\htdocs\\inventory\\vendor\\laravel\\framework\\src\\Illuminate\\Pipeline\\Pipeline.php(167): Laravel\\Nova\\Http\\Middleware\\ServeNova->handle(Object(Illuminate\\Http\\Request), Object(Closure))
#55 D:\\xampp\\htdocs\\inventory\\vendor\\laravel\\framework\\src\\Illuminate\\Foundation\\Http\\Middleware\\TransformsRequest.php(21): Illuminate\\Pipeline\\Pipeline->Illuminate\\Pipeline\\{closure}(Object(Illuminate\\Http\\Request))
#56 D:\\xampp\\htdocs\\inventory\\vendor\\laravel\\framework\\src\\Illuminate\\Foundation\\Http\\Middleware\\ConvertEmptyStringsToNull.php(31): Illuminate\\Foundation\\Http\\Middleware\\TransformsRequest->handle(Object(Illuminate\\Http\\Request), Object(Closure))
#57 D:\\xampp\\htdocs\\inventory\\vendor\\laravel\\framework\\src\\Illuminate\\Pipeline\\Pipeline.php(167): Illuminate\\Foundation\\Http\\Middleware\\ConvertEmptyStringsToNull->handle(Object(Illuminate\\Http\\Request), Object(Closure))
#58 D:\\xampp\\htdocs\\inventory\\vendor\\laravel\\framework\\src\\Illuminate\\Foundation\\Http\\Middleware\\TransformsRequest.php(21): Illuminate\\Pipeline\\Pipeline->Illuminate\\Pipeline\\{closure}(Object(Illuminate\\Http\\Request))
#59 D:\\xampp\\htdocs\\inventory\\vendor\\laravel\\framework\\src\\Illuminate\\Foundation\\Http\\Middleware\\TrimStrings.php(40): Illuminate\\Foundation\\Http\\Middleware\\TransformsRequest->handle(Object(Illuminate\\Http\\Request), Object(Closure))
#60 D:\\xampp\\htdocs\\inventory\\vendor\\laravel\\framework\\src\\Illuminate\\Pipeline\\Pipeline.php(167): Illuminate\\Foundation\\Http\\Middleware\\TrimStrings->handle(Object(Illuminate\\Http\\Request), Object(Closure))
#61 D:\\xampp\\htdocs\\inventory\\vendor\\laravel\\framework\\src\\Illuminate\\Foundation\\Http\\Middleware\\ValidatePostSize.php(27): Illuminate\\Pipeline\\Pipeline->Illuminate\\Pipeline\\{closure}(Object(Illuminate\\Http\\Request))
#62 D:\\xampp\\htdocs\\inventory\\vendor\\laravel\\framework\\src\\Illuminate\\Pipeline\\Pipeline.php(167): Illuminate\\Foundation\\Http\\Middleware\\ValidatePostSize->handle(Object(Illuminate\\Http\\Request), Object(Closure))
#63 D:\\xampp\\htdocs\\inventory\\vendor\\laravel\\framework\\src\\Illuminate\\Foundation\\Http\\Middleware\\PreventRequestsDuringMaintenance.php(86): Illuminate\\Pipeline\\Pipeline->Illuminate\\Pipeline\\{closure}(Object(Illuminate\\Http\\Request))
#64 D:\\xampp\\htdocs\\inventory\\vendor\\laravel\\framework\\src\\Illuminate\\Pipeline\\Pipeline.php(167): Illuminate\\Foundation\\Http\\Middleware\\PreventRequestsDuringMaintenance->handle(Object(Illuminate\\Http\\Request), Object(Closure))
#65 D:\\xampp\\htdocs\\inventory\\vendor\\fruitcake\\laravel-cors\\src\\HandleCors.php(38): Illuminate\\Pipeline\\Pipeline->Illuminate\\Pipeline\\{closure}(Object(Illuminate\\Http\\Request))
#66 D:\\xampp\\htdocs\\inventory\\vendor\\laravel\\framework\\src\\Illuminate\\Pipeline\\Pipeline.php(167): Fruitcake\\Cors\\HandleCors->handle(Object(Illuminate\\Http\\Request), Object(Closure))
#67 D:\\xampp\\htdocs\\inventory\\vendor\\laravel\\framework\\src\\Illuminate\\Http\\Middleware\\TrustProxies.php(39): Illuminate\\Pipeline\\Pipeline->Illuminate\\Pipeline\\{closure}(Object(Illuminate\\Http\\Request))
#68 D:\\xampp\\htdocs\\inventory\\vendor\\laravel\\framework\\src\\Illuminate\\Pipeline\\Pipeline.php(167): Illuminate\\Http\\Middleware\\TrustProxies->handle(Object(Illuminate\\Http\\Request), Object(Closure))
#69 D:\\xampp\\htdocs\\inventory\\vendor\\laravel\\framework\\src\\Illuminate\\Pipeline\\Pipeline.php(103): Illuminate\\Pipeline\\Pipeline->Illuminate\\Pipeline\\{closure}(Object(Illuminate\\Http\\Request))
#70 D:\\xampp\\htdocs\\inventory\\vendor\\laravel\\framework\\src\\Illuminate\\Foundation\\Http\\Kernel.php(142): Illuminate\\Pipeline\\Pipeline->then(Object(Closure))
#71 D:\\xampp\\htdocs\\inventory\\vendor\\laravel\\framework\\src\\Illuminate\\Foundation\\Http\\Kernel.php(111): Illuminate\\Foundation\\Http\\Kernel->sendRequestThroughRouter(Object(Illuminate\\Http\\Request))
#72 D:\\xampp\\htdocs\\inventory\\public\\index.php(51): Illuminate\\Foundation\\Http\\Kernel->handle(Object(Illuminate\\Http\\Request))
#73 {main}
"} 
[2025-11-21 00:33:00] local.ERROR: The Symfony\Component\Intl\NumberFormatter\NumberFormatter::setAttribute() method's argument $attr value 2 behavior is not implemented. The available attributes are: FRACTION_DIGITS, GROUPING_USED, ROUNDING_MODE.  Please install the "intl" extension for full localization capabilities. {"userId":1,"exception":"[object] (Symfony\\Component\\Intl\\Exception\\MethodArgumentValueNotImplementedException(code: 0): The Symfony\\Component\\Intl\\NumberFormatter\\NumberFormatter::setAttribute() method's argument $attr value 2 behavior is not implemented. The available attributes are: FRACTION_DIGITS, GROUPING_USED, ROUNDING_MODE.  Please install the \"intl\" extension for full localization capabilities. at D:\\xampp\\htdocs\\inventory\\vendor\\symfony\\intl\\NumberFormatter\\NumberFormatter.php:582)
[stacktrace]
#0 D:\\xampp\\htdocs\\inventory\\vendor\\brick\\money\\src\\Money.php(777): Symfony\\Component\\Intl\\NumberFormatter\\NumberFormatter->setAttribute(7, 2)
#1 D:\\xampp\\htdocs\\inventory\\repos\\src\\Fields\\Currency.php(132): Brick\\Money\\Money->formatTo('en')
#2 D:\\xampp\\htdocs\\inventory\\repos\\src\\Fields\\Currency.php(89): Laravel\\Nova\\Fields\\Currency->formatMoney('43930.00')
#3 [internal function]: Laravel\\Nova\\Fields\\Currency->Laravel\\Nova\\Fields\\{closure}('43930.00', Object(App\\Models\\Product), 'price')
#4 D:\\xampp\\htdocs\\inventory\\repos\\src\\Fields\\Field.php(224): call_user_func(Object(Closure), '43930.00', Object(App\\Models\\Product), 'price')
#5 D:\\xampp\\htdocs\\inventory\\vendor\\laravel\\framework\\src\\Illuminate\\Support\\helpers.php(276): Laravel\\Nova\\Fields\\Field->Laravel\\Nova\\Fields\\{closure}('43930.00')
#6 D:\\xampp\\htdocs\\inventory\\repos\\src\\Fields\\Field.php(223): tap('43930.00', Object(Closure))
#7 D:\\xampp\\htdocs\\inventory\\repos\\src\\ResolvesFields.php(39): Laravel\\Nova\\Fields\\Field->resolveForDisplay(Object(App\\Models\\Product))
#8 D:\\xampp\\htdocs\\inventory\\vendor\\laravel\\framework\\src\\Illuminate\\Collections\\Traits\\EnumeratesValues.php(245): Laravel\\Nova\\Resource->Laravel\\Nova\\{closure}(Object(Laravel\\Nova\\Fields\\Currency), 4)
#9 D:\\xampp\\htdocs\\inventory\\repos\\src\\ResolvesFields.php(37): Illuminate\\Support\\Collection->each(Object(Closure))
#10 D:\\xampp\\htdocs\\inventory\\repos\\src\\Resource.php(463): Laravel\\Nova\\Resource->indexFields(Object(Laravel\\Nova\\Http\\Requests\\ResourceIndexRequest))
#11 D:\\xampp\\htdocs\\inventory\\vendor\\laravel\\framework\\src\\Illuminate\\Collections\\HigherOrderCollectionProxy.php(60): Laravel\\Nova\\Resource->serializeForIndex(Object(Laravel\\Nova\\Http\\Requests\\ResourceIndexRequest))
#12 [internal function]: Illuminate\\Support\\HigherOrderCollectionProxy->Illuminate\\Support\\{closure}(Object(App\\Nova\\Product), 0)
#13 D:\\xampp\\htdocs\\inventory\\vendor\\laravel\\framework\\src\\Illuminate\\Collections\\Collection.php(695): array_map(Object(Closure), Array, Array)
#14 D:\\xampp\\htdocs\\inventory\\vendor\\laravel\\framework\\src\\Illuminate\\Collections\\HigherOrderCollectionProxy.php(59): Illuminate\\Support\\Collection->map(Object(Closure))
#15 D:\\xampp\\htdocs\\inventory\\repos\\src\\Http\\Controllers\\ResourceIndexController.php(24): Illuminate\\Support\\HigherOrderCollectionProxy->__call('serializeForInd...', Array)
#16 D:\\xampp\\htdocs\\inventory\\vendor\\laravel\\framework\\src\\Illuminate\\Routing\\Controller.php(54): Laravel\\Nova\\Http\\Controllers\\ResourceIndexController->handle(Object(Laravel\\Nova\\Http\\Requests\\ResourceIndexRequest), 'products')
#17 D:\\xampp\\htdocs\\inventory\\vendor\\laravel\\framework\\src\\Illuminate\\Routing\\ControllerDispatcher.php(45): Illuminate\\Routing\\Controller->callAction('handle', Array)
#18 D:\\xampp\\htdocs\\inventory\\vendor\\laravel\\framework\\src\\Illuminate\\Routing\\Route.php(261): Illuminate\\Routing\\ControllerDispatcher->dispatch(Object(Illuminate\\Routing\\Route), Object(Laravel\\Nova\\Http\\Controllers\\ResourceIndexController), 'handle')
#19 D:\\xampp\\htdocs\\inventory\\vendor\\laravel\\framework\\src\\Illuminate\\Routing\\Route.php(205): Illuminate\\Routing\\Route->runController()
#20 D:\\xampp\\htdocs\\inventory\\vendor\\laravel\\framework\\src\\Illuminate\\Routing\\Router.php(721): Illuminate\\Routing\\Route->run()
#21 D:\\xampp\\htdocs\\inventory\\vendor\\laravel\\framework\\src\\Illuminate\\Pipeline\\Pipeline.php(128): Illuminate\\Routing\\Router->Illuminate\\Routing\\{closure}(Object(Illuminate\\Http\\Request))
#22 D:\\xampp\\htdocs\\inventory\\app\\Http\\Middleware\\EnsureUserVerified.php(22): Illuminate\\Pipeline\\Pipeline->Illuminate\\Pipeline\\{closure}(Object(Illuminate\\Http\\Request))
#23 D:\\xampp\\htdocs\\inventory\\vendor\\laravel\\framework\\src\\Illuminate\\Pipeline\\Pipeline.php(167): App\\Http\\Middleware\\EnsureUserVerified->handle(Object(Illuminate\\Http\\Request), Object(Closure))
#24 D:\\xampp\\htdocs\\inventory\\repos\\src\\Http\\Middleware\\Authorize.php(18): Illuminate\\Pipeline\\Pipeline->Illuminate\\Pipeline\\{closure}(Object(Illuminate\\Http\\Request))
#25 D:\\xampp\\htdocs\\inventory\\vendor\\laravel\\framework\\src\\Illuminate\\Pipeline\\Pipeline.php(167): Laravel\\Nova\\Http\\Middleware\\Authorize->handle(Object(Illuminate\\Http\\Request), Object(Closure))
#26 D:\\xampp\\htdocs\\inventory\\repos\\src\\Http\\Middleware\\BootTools.php(20): Illuminate\\Pipeline\\Pipeline->Illuminate\\Pipeline\\{closure}(Object(Illuminate\\Http\\Request))
#27 D:\\xampp\\htdocs\\inventory\\vendor\\laravel\\framework\\src\\Illuminate\\Pipeline\\Pipeline.php(167): Laravel\\Nova\\Http\\Middleware\\BootTools->handle(Object(Illuminate\\Http\\Request), Object(Closure))
#28 D:\\xampp\\htdocs\\inventory\\repos\\src\\Http\\Middleware\\DispatchServingNovaEvent.php(20): Illuminate\\Pipeline\\Pipeline->Illuminate\\Pipeline\\{closure}(Object(Illuminate\\Http\\Request))
#29 D:\\xampp\\htdocs\\inventory\\vendor\\laravel\\framework\\src\\Illuminate\\Pipeline\\Pipeline.php(167): Laravel\\Nova\\Http\\Middleware\\DispatchServingNovaEvent->handle(Object(Illuminate\\Http\\Request), Object(Closure))
#30 D:\\xampp\\htdocs\\inventory\\vendor\\laravel\\framework\\src\\Illuminate\\Routing\\Middleware\\SubstituteBindings.php(50): Illuminate\\Pipeline\\Pipeline->Illuminate\\Pipeline\\{closure}(Object(Illuminate\\Http\\Request))
#31 D:\\xampp\\htdocs\\inventory\\vendor\\laravel\\framework\\src\\Illuminate\\Pipeline\\Pipeline.php(167): Illuminate\\Routing\\Middleware\\SubstituteBindings->handle(Object(Illuminate\\Http\\Request), Object(Closure))
#32 D:\\xampp\\htdocs\\inventory\\vendor\\laravel\\framework\\src\\Illuminate\\Auth\\Middleware\\Authenticate.php(44): Illuminate\\Pipeline\\Pipeline->Illuminate\\Pipeline\\{closure}(Object(Illuminate\\Http\\Request))
#33 D:\\xampp\\htdocs\\inventory\\repos\\src\\Http\\Middleware\\Authenticate.php(31): Illuminate\\Auth\\Middleware\\Authenticate->handle(Object(Illuminate\\Http\\Request), Object(Closure))
#34 D:\\xampp\\htdocs\\inventory\\vendor\\laravel\\framework\\src\\Illuminate\\Pipeline\\Pipeline.php(167): Laravel\\Nova\\Http\\Middleware\\Authenticate->handle(Object(Illuminate\\Http\\Request), Object(Closure))
#35 D:\\xampp\\htdocs\\inventory\\vendor\\laravel\\framework\\src\\Illuminate\\Foundation\\Http\\Middleware\\VerifyCsrfToken.php(78): Illuminate\\Pipeline\\Pipeline->Illuminate\\Pipeline\\{closure}(Object(Illuminate\\Http\\Request))
#36 D:\\xampp\\htdocs\\inventory\\vendor\\laravel\\framework\\src\\Illuminate\\Pipeline\\Pipeline.php(167): Illuminate\\Foundation\\Http\\Middleware\\VerifyCsrfToken->handle(Object(Illuminate\\Http\\Request), Object(Closure))
#37 D:\\xampp\\htdocs\\inventory\\vendor\\laravel\\framework\\src\\Illuminate\\View\\Middleware\\ShareErrorsFromSession.php(49): Illuminate\\Pipeline\\Pipeline->Illuminate\\Pipeline\\{closure}(Object(Illuminate\\Http\\Request))
#38 D:\\xampp\\htdocs\\inventory\\vendor\\laravel\\framework\\src\\Illuminate\\Pipeline\\Pipeline.php(167): Illuminate\\View\\Middleware\\ShareErrorsFromSession->handle(Object(Illuminate\\Http\\Request), Object(Closure))
#39 D:\\xampp\\htdocs\\inventory\\vendor\\laravel\\framework\\src\\Illuminate\\Session\\Middleware\\StartSession.php(121): Illuminate\\Pipeline\\Pipeline->Illuminate\\Pipeline\\{closure}(Object(Illuminate\\Http\\Request))
#40 D:\\xampp\\htdocs\\inventory\\vendor\\laravel\\framework\\src\\Illuminate\\Session\\Middleware\\StartSession.php(64): Illuminate\\Session\\Middleware\\StartSession->handleStatefulRequest(Object(Illuminate\\Http\\Request), Object(Illuminate\\Session\\Store), Object(Closure))
#41 D:\\xampp\\htdocs\\inventory\\vendor\\laravel\\framework\\src\\Illuminate\\Pipeline\\Pipeline.php(167): Illuminate\\Session\\Middleware\\StartSession->handle(Object(Illuminate\\Http\\Request), Object(Closure))
#42 D:\\xampp\\htdocs\\inventory\\vendor\\laravel\\framework\\src\\Illuminate\\Cookie\\Middleware\\AddQueuedCookiesToResponse.php(37): Illuminate\\Pipeline\\Pipeline->Illuminate\\Pipeline\\{closure}(Object(Illuminate\\Http\\Request))
#43 D:\\xampp\\htdocs\\inventory\\vendor\\laravel\\framework\\src\\Illuminate\\Pipeline\\Pipeline.php(167): Illuminate\\Cookie\\Middleware\\AddQueuedCookiesToResponse->handle(Object(Illuminate\\Http\\Request), Object(Closure))
#44 D:\\xampp\\htdocs\\inventory\\vendor\\laravel\\framework\\src\\Illuminate\\Cookie\\Middleware\\EncryptCookies.php(67): Illuminate\\Pipeline\\Pipeline->Illuminate\\Pipeline\\{closure}(Object(Illuminate\\Http\\Request))
#45 D:\\xampp\\htdocs\\inventory\\vendor\\laravel\\framework\\src\\Illuminate\\Pipeline\\Pipeline.php(167): Illuminate\\Cookie\\Middleware\\EncryptCookies->handle(Object(Illuminate\\Http\\Request), Object(Closure))
#46 D:\\xampp\\htdocs\\inventory\\vendor\\laravel\\framework\\src\\Illuminate\\Pipeline\\Pipeline.php(103): Illuminate\\Pipeline\\Pipeline->Illuminate\\Pipeline\\{closure}(Object(Illuminate\\Http\\Request))
#47 D:\\xampp\\htdocs\\inventory\\vendor\\laravel\\framework\\src\\Illuminate\\Routing\\Router.php(719): Illuminate\\Pipeline\\Pipeline->then(Object(Closure))
#48 D:\\xampp\\htdocs\\inventory\\vendor\\laravel\\framework\\src\\Illuminate\\Routing\\Router.php(698): Illuminate\\Routing\\Router->runRouteWithinStack(Object(Illuminate\\Routing\\Route), Object(Illuminate\\Http\\Request))
#49 D:\\xampp\\htdocs\\inventory\\vendor\\laravel\\framework\\src\\Illuminate\\Routing\\Router.php(662): Illuminate\\Routing\\Router->runRoute(Object(Illuminate\\Http\\Request), Object(Illuminate\\Routing\\Route))
#50 D:\\xampp\\htdocs\\inventory\\vendor\\laravel\\framework\\src\\Illuminate\\Routing\\Router.php(651): Illuminate\\Routing\\Router->dispatchToRoute(Object(Illuminate\\Http\\Request))
#51 D:\\xampp\\htdocs\\inventory\\vendor\\laravel\\framework\\src\\Illuminate\\Foundation\\Http\\Kernel.php(167): Illuminate\\Routing\\Router->dispatch(Object(Illuminate\\Http\\Request))
#52 D:\\xampp\\htdocs\\inventory\\vendor\\laravel\\framework\\src\\Illuminate\\Pipeline\\Pipeline.php(128): Illuminate\\Foundation\\Http\\Kernel->Illuminate\\Foundation\\Http\\{closure}(Object(Illuminate\\Http\\Request))
#53 D:\\xampp\\htdocs\\inventory\\repos\\src\\Http\\Middleware\\ServeNova.php(24): Illuminate\\Pipeline\\Pipeline->Illuminate\\Pipeline\\{closure}(Object(Illuminate\\Http\\Request))
#54 D:\\xampp\\htdocs\\inventory\\vendor\\laravel\\framework\\src\\Illuminate\\Pipeline\\Pipeline.php(167): Laravel\\Nova\\Http\\Middleware\\ServeNova->handle(Object(Illuminate\\Http\\Request), Object(Closure))
#55 D:\\xampp\\htdocs\\inventory\\vendor\\laravel\\framework\\src\\Illuminate\\Foundation\\Http\\Middleware\\TransformsRequest.php(21): Illuminate\\Pipeline\\Pipeline->Illuminate\\Pipeline\\{closure}(Object(Illuminate\\Http\\Request))
#56 D:\\xampp\\htdocs\\inventory\\vendor\\laravel\\framework\\src\\Illuminate\\Foundation\\Http\\Middleware\\ConvertEmptyStringsToNull.php(31): Illuminate\\Foundation\\Http\\Middleware\\TransformsRequest->handle(Object(Illuminate\\Http\\Request), Object(Closure))
#57 D:\\xampp\\htdocs\\inventory\\vendor\\laravel\\framework\\src\\Illuminate\\Pipeline\\Pipeline.php(167): Illuminate\\Foundation\\Http\\Middleware\\ConvertEmptyStringsToNull->handle(Object(Illuminate\\Http\\Request), Object(Closure))
#58 D:\\xampp\\htdocs\\inventory\\vendor\\laravel\\framework\\src\\Illuminate\\Foundation\\Http\\Middleware\\TransformsRequest.php(21): Illuminate\\Pipeline\\Pipeline->Illuminate\\Pipeline\\{closure}(Object(Illuminate\\Http\\Request))
#59 D:\\xampp\\htdocs\\inventory\\vendor\\laravel\\framework\\src\\Illuminate\\Foundation\\Http\\Middleware\\TrimStrings.php(40): Illuminate\\Foundation\\Http\\Middleware\\TransformsRequest->handle(Object(Illuminate\\Http\\Request), Object(Closure))
#60 D:\\xampp\\htdocs\\inventory\\vendor\\laravel\\framework\\src\\Illuminate\\Pipeline\\Pipeline.php(167): Illuminate\\Foundation\\Http\\Middleware\\TrimStrings->handle(Object(Illuminate\\Http\\Request), Object(Closure))
#61 D:\\xampp\\htdocs\\inventory\\vendor\\laravel\\framework\\src\\Illuminate\\Foundation\\Http\\Middleware\\ValidatePostSize.php(27): Illuminate\\Pipeline\\Pipeline->Illuminate\\Pipeline\\{closure}(Object(Illuminate\\Http\\Request))
#62 D:\\xampp\\htdocs\\inventory\\vendor\\laravel\\framework\\src\\Illuminate\\Pipeline\\Pipeline.php(167): Illuminate\\Foundation\\Http\\Middleware\\ValidatePostSize->handle(Object(Illuminate\\Http\\Request), Object(Closure))
#63 D:\\xampp\\htdocs\\inventory\\vendor\\laravel\\framework\\src\\Illuminate\\Foundation\\Http\\Middleware\\PreventRequestsDuringMaintenance.php(86): Illuminate\\Pipeline\\Pipeline->Illuminate\\Pipeline\\{closure}(Object(Illuminate\\Http\\Request))
#64 D:\\xampp\\htdocs\\inventory\\vendor\\laravel\\framework\\src\\Illuminate\\Pipeline\\Pipeline.php(167): Illuminate\\Foundation\\Http\\Middleware\\PreventRequestsDuringMaintenance->handle(Object(Illuminate\\Http\\Request), Object(Closure))
#65 D:\\xampp\\htdocs\\inventory\\vendor\\fruitcake\\laravel-cors\\src\\HandleCors.php(38): Illuminate\\Pipeline\\Pipeline->Illuminate\\Pipeline\\{closure}(Object(Illuminate\\Http\\Request))
#66 D:\\xampp\\htdocs\\inventory\\vendor\\laravel\\framework\\src\\Illuminate\\Pipeline\\Pipeline.php(167): Fruitcake\\Cors\\HandleCors->handle(Object(Illuminate\\Http\\Request), Object(Closure))
#67 D:\\xampp\\htdocs\\inventory\\vendor\\laravel\\framework\\src\\Illuminate\\Http\\Middleware\\TrustProxies.php(39): Illuminate\\Pipeline\\Pipeline->Illuminate\\Pipeline\\{closure}(Object(Illuminate\\Http\\Request))
#68 D:\\xampp\\htdocs\\inventory\\vendor\\laravel\\framework\\src\\Illuminate\\Pipeline\\Pipeline.php(167): Illuminate\\Http\\Middleware\\TrustProxies->handle(Object(Illuminate\\Http\\Request), Object(Closure))
#69 D:\\xampp\\htdocs\\inventory\\vendor\\laravel\\framework\\src\\Illuminate\\Pipeline\\Pipeline.php(103): Illuminate\\Pipeline\\Pipeline->Illuminate\\Pipeline\\{closure}(Object(Illuminate\\Http\\Request))
#70 D:\\xampp\\htdocs\\inventory\\vendor\\laravel\\framework\\src\\Illuminate\\Foundation\\Http\\Kernel.php(142): Illuminate\\Pipeline\\Pipeline->then(Object(Closure))
#71 D:\\xampp\\htdocs\\inventory\\vendor\\laravel\\framework\\src\\Illuminate\\Foundation\\Http\\Kernel.php(111): Illuminate\\Foundation\\Http\\Kernel->sendRequestThroughRouter(Object(Illuminate\\Http\\Request))
#72 D:\\xampp\\htdocs\\inventory\\public\\index.php(51): Illuminate\\Foundation\\Http\\Kernel->handle(Object(Illuminate\\Http\\Request))
#73 {main}
"} 
[2025-11-21 00:42:59] local.ERROR: Connection could not be established with host mailhog :stream_socket_client(): php_network_getaddresses: getaddrinfo for mailhog failed: No such host is known.  {"exception":"[object] (Swift_TransportException(code: 0): Connection could not be established with host mailhog :stream_socket_client(): php_network_getaddresses: getaddrinfo for mailhog failed: No such host is known.  at D:\\xampp\\htdocs\\inventory\\vendor\\swiftmailer\\swiftmailer\\lib\\classes\\Swift\\Transport\\StreamBuffer.php:261)
[stacktrace]
#0 [internal function]: Swift_Transport_StreamBuffer->{closure}(2, 'stream_socket_c...', 'D:\\\\xampp\\\\htdocs...', 264)
#1 D:\\xampp\\htdocs\\inventory\\vendor\\swiftmailer\\swiftmailer\\lib\\classes\\Swift\\Transport\\StreamBuffer.php(264): stream_socket_client('mailhog:1025', 0, '', 30, 4, Resource id #1100)
#2 D:\\xampp\\htdocs\\inventory\\vendor\\swiftmailer\\swiftmailer\\lib\\classes\\Swift\\Transport\\StreamBuffer.php(58): Swift_Transport_StreamBuffer->establishSocketConnection()
#3 D:\\xampp\\htdocs\\inventory\\vendor\\swiftmailer\\swiftmailer\\lib\\classes\\Swift\\Transport\\AbstractSmtpTransport.php(143): Swift_Transport_StreamBuffer->initialize(Array)
#4 D:\\xampp\\htdocs\\inventory\\vendor\\swiftmailer\\swiftmailer\\lib\\classes\\Swift\\Mailer.php(65): Swift_Transport_AbstractSmtpTransport->start()
#5 D:\\xampp\\htdocs\\inventory\\vendor\\laravel\\framework\\src\\Illuminate\\Mail\\Mailer.php(521): Swift_Mailer->send(Object(Swift_Message), Array)
#6 D:\\xampp\\htdocs\\inventory\\vendor\\laravel\\framework\\src\\Illuminate\\Mail\\Mailer.php(288): Illuminate\\Mail\\Mailer->sendSwiftMessage(Object(Swift_Message))
#7 D:\\xampp\\htdocs\\inventory\\vendor\\laravel\\framework\\src\\Illuminate\\Notifications\\Channels\\MailChannel.php(62): Illuminate\\Mail\\Mailer->send(Object(Illuminate\\Support\\HtmlString), Array, Object(Closure))
#8 D:\\xampp\\htdocs\\inventory\\vendor\\laravel\\framework\\src\\Illuminate\\Notifications\\NotificationSender.php(148): Illuminate\\Notifications\\Channels\\MailChannel->send(Object(App\\Models\\User), Object(Illuminate\\Auth\\Notifications\\ResetPassword))
#9 D:\\xampp\\htdocs\\inventory\\vendor\\laravel\\framework\\src\\Illuminate\\Notifications\\NotificationSender.php(106): Illuminate\\Notifications\\NotificationSender->sendToNotifiable(Object(App\\Models\\User), '36e73611-7b6d-4...', Object(Illuminate\\Auth\\Notifications\\ResetPassword), 'mail')
#10 D:\\xampp\\htdocs\\inventory\\vendor\\laravel\\framework\\src\\Illuminate\\Support\\Traits\\Localizable.php(19): Illuminate\\Notifications\\NotificationSender->Illuminate\\Notifications\\{closure}()
#11 D:\\xampp\\htdocs\\inventory\\vendor\\laravel\\framework\\src\\Illuminate\\Notifications\\NotificationSender.php(101): Illuminate\\Notifications\\NotificationSender->withLocale(NULL, Object(Closure))
#12 D:\\xampp\\htdocs\\inventory\\vendor\\laravel\\framework\\src\\Illuminate\\Notifications\\NotificationSender.php(79): Illuminate\\Notifications\\NotificationSender->sendNow(Object(Illuminate\\Database\\Eloquent\\Collection), Object(Illuminate\\Auth\\Notifications\\ResetPassword))
#13 D:\\xampp\\htdocs\\inventory\\vendor\\laravel\\framework\\src\\Illuminate\\Notifications\\ChannelManager.php(39): Illuminate\\Notifications\\NotificationSender->send(Object(Illuminate\\Database\\Eloquent\\Collection), Object(Illuminate\\Auth\\Notifications\\ResetPassword))
#14 D:\\xampp\\htdocs\\inventory\\vendor\\laravel\\framework\\src\\Illuminate\\Notifications\\RoutesNotifications.php(18): Illuminate\\Notifications\\ChannelManager->send(Object(App\\Models\\User), Object(Illuminate\\Auth\\Notifications\\ResetPassword))
#15 D:\\xampp\\htdocs\\inventory\\vendor\\laravel\\framework\\src\\Illuminate\\Auth\\Passwords\\CanResetPassword.php(27): App\\Models\\User->notify(Object(Illuminate\\Auth\\Notifications\\ResetPassword))
#16 D:\\xampp\\htdocs\\inventory\\vendor\\laravel\\framework\\src\\Illuminate\\Auth\\Passwords\\PasswordBroker.php(71): Illuminate\\Foundation\\Auth\\User->sendPasswordResetNotification('2b9e9bb35a4404e...')
#17 D:\\xampp\\htdocs\\inventory\\vendor\\laravel\\ui\\auth-backend\\SendsPasswordResetEmails.php(35): Illuminate\\Auth\\Passwords\\PasswordBroker->sendResetLink(Array)
#18 D:\\xampp\\htdocs\\inventory\\vendor\\laravel\\framework\\src\\Illuminate\\Routing\\Controller.php(54): Laravel\\Nova\\Http\\Controllers\\ForgotPasswordController->sendResetLinkEmail(Object(Illuminate\\Http\\Request))
#19 D:\\xampp\\htdocs\\inventory\\vendor\\laravel\\framework\\src\\Illuminate\\Routing\\ControllerDispatcher.php(45): Illuminate\\Routing\\Controller->callAction('sendResetLinkEm...', Array)
#20 D:\\xampp\\htdocs\\inventory\\vendor\\laravel\\framework\\src\\Illuminate\\Routing\\Route.php(261): Illuminate\\Routing\\ControllerDispatcher->dispatch(Object(Illuminate\\Routing\\Route), Object(Laravel\\Nova\\Http\\Controllers\\ForgotPasswordController), 'sendResetLinkEm...')
#21 D:\\xampp\\htdocs\\inventory\\vendor\\laravel\\framework\\src\\Illuminate\\Routing\\Route.php(205): Illuminate\\Routing\\Route->runController()
#22 D:\\xampp\\htdocs\\inventory\\vendor\\laravel\\framework\\src\\Illuminate\\Routing\\Router.php(721): Illuminate\\Routing\\Route->run()
#23 D:\\xampp\\htdocs\\inventory\\vendor\\laravel\\framework\\src\\Illuminate\\Pipeline\\Pipeline.php(128): Illuminate\\Routing\\Router->Illuminate\\Routing\\{closure}(Object(Illuminate\\Http\\Request))
#24 D:\\xampp\\htdocs\\inventory\\repos\\src\\Http\\Middleware\\RedirectIfAuthenticated.php(25): Illuminate\\Pipeline\\Pipeline->Illuminate\\Pipeline\\{closure}(Object(Illuminate\\Http\\Request))
#25 D:\\xampp\\htdocs\\inventory\\vendor\\laravel\\framework\\src\\Illuminate\\Pipeline\\Pipeline.php(167): Laravel\\Nova\\Http\\Middleware\\RedirectIfAuthenticated->handle(Object(Illuminate\\Http\\Request), Object(Closure), '')
#26 D:\\xampp\\htdocs\\inventory\\vendor\\laravel\\framework\\src\\Illuminate\\Routing\\Middleware\\SubstituteBindings.php(50): Illuminate\\Pipeline\\Pipeline->Illuminate\\Pipeline\\{closure}(Object(Illuminate\\Http\\Request))
#27 D:\\xampp\\htdocs\\inventory\\vendor\\laravel\\framework\\src\\Illuminate\\Pipeline\\Pipeline.php(167): Illuminate\\Routing\\Middleware\\SubstituteBindings->handle(Object(Illuminate\\Http\\Request), Object(Closure))
#28 D:\\xampp\\htdocs\\inventory\\vendor\\laravel\\framework\\src\\Illuminate\\Foundation\\Http\\Middleware\\VerifyCsrfToken.php(78): Illuminate\\Pipeline\\Pipeline->Illuminate\\Pipeline\\{closure}(Object(Illuminate\\Http\\Request))
#29 D:\\xampp\\htdocs\\inventory\\vendor\\laravel\\framework\\src\\Illuminate\\Pipeline\\Pipeline.php(167): Illuminate\\Foundation\\Http\\Middleware\\VerifyCsrfToken->handle(Object(Illuminate\\Http\\Request), Object(Closure))
#30 D:\\xampp\\htdocs\\inventory\\vendor\\laravel\\framework\\src\\Illuminate\\View\\Middleware\\ShareErrorsFromSession.php(49): Illuminate\\Pipeline\\Pipeline->Illuminate\\Pipeline\\{closure}(Object(Illuminate\\Http\\Request))
#31 D:\\xampp\\htdocs\\inventory\\vendor\\laravel\\framework\\src\\Illuminate\\Pipeline\\Pipeline.php(167): Illuminate\\View\\Middleware\\ShareErrorsFromSession->handle(Object(Illuminate\\Http\\Request), Object(Closure))
#32 D:\\xampp\\htdocs\\inventory\\vendor\\laravel\\framework\\src\\Illuminate\\Session\\Middleware\\StartSession.php(121): Illuminate\\Pipeline\\Pipeline->Illuminate\\Pipeline\\{closure}(Object(Illuminate\\Http\\Request))
#33 D:\\xampp\\htdocs\\inventory\\vendor\\laravel\\framework\\src\\Illuminate\\Session\\Middleware\\StartSession.php(64): Illuminate\\Session\\Middleware\\StartSession->handleStatefulRequest(Object(Illuminate\\Http\\Request), Object(Illuminate\\Session\\Store), Object(Closure))
#34 D:\\xampp\\htdocs\\inventory\\vendor\\laravel\\framework\\src\\Illuminate\\Pipeline\\Pipeline.php(167): Illuminate\\Session\\Middleware\\StartSession->handle(Object(Illuminate\\Http\\Request), Object(Closure))
#35 D:\\xampp\\htdocs\\inventory\\vendor\\laravel\\framework\\src\\Illuminate\\Cookie\\Middleware\\AddQueuedCookiesToResponse.php(37): Illuminate\\Pipeline\\Pipeline->Illuminate\\Pipeline\\{closure}(Object(Illuminate\\Http\\Request))
#36 D:\\xampp\\htdocs\\inventory\\vendor\\laravel\\framework\\src\\Illuminate\\Pipeline\\Pipeline.php(167): Illuminate\\Cookie\\Middleware\\AddQueuedCookiesToResponse->handle(Object(Illuminate\\Http\\Request), Object(Closure))
#37 D:\\xampp\\htdocs\\inventory\\vendor\\laravel\\framework\\src\\Illuminate\\Cookie\\Middleware\\EncryptCookies.php(67): Illuminate\\Pipeline\\Pipeline->Illuminate\\Pipeline\\{closure}(Object(Illuminate\\Http\\Request))
#38 D:\\xampp\\htdocs\\inventory\\vendor\\laravel\\framework\\src\\Illuminate\\Pipeline\\Pipeline.php(167): Illuminate\\Cookie\\Middleware\\EncryptCookies->handle(Object(Illuminate\\Http\\Request), Object(Closure))
#39 D:\\xampp\\htdocs\\inventory\\vendor\\laravel\\framework\\src\\Illuminate\\Pipeline\\Pipeline.php(103): Illuminate\\Pipeline\\Pipeline->Illuminate\\Pipeline\\{closure}(Object(Illuminate\\Http\\Request))
#40 D:\\xampp\\htdocs\\inventory\\vendor\\laravel\\framework\\src\\Illuminate\\Routing\\Router.php(719): Illuminate\\Pipeline\\Pipeline->then(Object(Closure))
#41 D:\\xampp\\htdocs\\inventory\\vendor\\laravel\\framework\\src\\Illuminate\\Routing\\Router.php(698): Illuminate\\Routing\\Router->runRouteWithinStack(Object(Illuminate\\Routing\\Route), Object(Illuminate\\Http\\Request))
#42 D:\\xampp\\htdocs\\inventory\\vendor\\laravel\\framework\\src\\Illuminate\\Routing\\Router.php(662): Illuminate\\Routing\\Router->runRoute(Object(Illuminate\\Http\\Request), Object(Illuminate\\Routing\\Route))
#43 D:\\xampp\\htdocs\\inventory\\vendor\\laravel\\framework\\src\\Illuminate\\Routing\\Router.php(651): Illuminate\\Routing\\Router->dispatchToRoute(Object(Illuminate\\Http\\Request))
#44 D:\\xampp\\htdocs\\inventory\\vendor\\laravel\\framework\\src\\Illuminate\\Foundation\\Http\\Kernel.php(167): Illuminate\\Routing\\Router->dispatch(Object(Illuminate\\Http\\Request))
#45 D:\\xampp\\htdocs\\inventory\\vendor\\laravel\\framework\\src\\Illuminate\\Pipeline\\Pipeline.php(128): Illuminate\\Foundation\\Http\\Kernel->Illuminate\\Foundation\\Http\\{closure}(Object(Illuminate\\Http\\Request))
#46 D:\\xampp\\htdocs\\inventory\\repos\\src\\Http\\Middleware\\ServeNova.php(24): Illuminate\\Pipeline\\Pipeline->Illuminate\\Pipeline\\{closure}(Object(Illuminate\\Http\\Request))
#47 D:\\xampp\\htdocs\\inventory\\vendor\\laravel\\framework\\src\\Illuminate\\Pipeline\\Pipeline.php(167): Laravel\\Nova\\Http\\Middleware\\ServeNova->handle(Object(Illuminate\\Http\\Request), Object(Closure))
#48 D:\\xampp\\htdocs\\inventory\\vendor\\laravel\\framework\\src\\Illuminate\\Foundation\\Http\\Middleware\\TransformsRequest.php(21): Illuminate\\Pipeline\\Pipeline->Illuminate\\Pipeline\\{closure}(Object(Illuminate\\Http\\Request))
#49 D:\\xampp\\htdocs\\inventory\\vendor\\laravel\\framework\\src\\Illuminate\\Foundation\\Http\\Middleware\\ConvertEmptyStringsToNull.php(31): Illuminate\\Foundation\\Http\\Middleware\\TransformsRequest->handle(Object(Illuminate\\Http\\Request), Object(Closure))
#50 D:\\xampp\\htdocs\\inventory\\vendor\\laravel\\framework\\src\\Illuminate\\Pipeline\\Pipeline.php(167): Illuminate\\Foundation\\Http\\Middleware\\ConvertEmptyStringsToNull->handle(Object(Illuminate\\Http\\Request), Object(Closure))
#51 D:\\xampp\\htdocs\\inventory\\vendor\\laravel\\framework\\src\\Illuminate\\Foundation\\Http\\Middleware\\TransformsRequest.php(21): Illuminate\\Pipeline\\Pipeline->Illuminate\\Pipeline\\{closure}(Object(Illuminate\\Http\\Request))
#52 D:\\xampp\\htdocs\\inventory\\vendor\\laravel\\framework\\src\\Illuminate\\Foundation\\Http\\Middleware\\TrimStrings.php(40): Illuminate\\Foundation\\Http\\Middleware\\TransformsRequest->handle(Object(Illuminate\\Http\\Request), Object(Closure))
#53 D:\\xampp\\htdocs\\inventory\\vendor\\laravel\\framework\\src\\Illuminate\\Pipeline\\Pipeline.php(167): Illuminate\\Foundation\\Http\\Middleware\\TrimStrings->handle(Object(Illuminate\\Http\\Request), Object(Closure))
#54 D:\\xampp\\htdocs\\inventory\\vendor\\laravel\\framework\\src\\Illuminate\\Foundation\\Http\\Middleware\\ValidatePostSize.php(27): Illuminate\\Pipeline\\Pipeline->Illuminate\\Pipeline\\{closure}(Object(Illuminate\\Http\\Request))
#55 D:\\xampp\\htdocs\\inventory\\vendor\\laravel\\framework\\src\\Illuminate\\Pipeline\\Pipeline.php(167): Illuminate\\Foundation\\Http\\Middleware\\ValidatePostSize->handle(Object(Illuminate\\Http\\Request), Object(Closure))
#56 D:\\xampp\\htdocs\\inventory\\vendor\\laravel\\framework\\src\\Illuminate\\Foundation\\Http\\Middleware\\PreventRequestsDuringMaintenance.php(86): Illuminate\\Pipeline\\Pipeline->Illuminate\\Pipeline\\{closure}(Object(Illuminate\\Http\\Request))
#57 D:\\xampp\\htdocs\\inventory\\vendor\\laravel\\framework\\src\\Illuminate\\Pipeline\\Pipeline.php(167): Illuminate\\Foundation\\Http\\Middleware\\PreventRequestsDuringMaintenance->handle(Object(Illuminate\\Http\\Request), Object(Closure))
#58 D:\\xampp\\htdocs\\inventory\\vendor\\fruitcake\\laravel-cors\\src\\HandleCors.php(38): Illuminate\\Pipeline\\Pipeline->Illuminate\\Pipeline\\{closure}(Object(Illuminate\\Http\\Request))
#59 D:\\xampp\\htdocs\\inventory\\vendor\\laravel\\framework\\src\\Illuminate\\Pipeline\\Pipeline.php(167): Fruitcake\\Cors\\HandleCors->handle(Object(Illuminate\\Http\\Request), Object(Closure))
#60 D:\\xampp\\htdocs\\inventory\\vendor\\laravel\\framework\\src\\Illuminate\\Http\\Middleware\\TrustProxies.php(39): Illuminate\\Pipeline\\Pipeline->Illuminate\\Pipeline\\{closure}(Object(Illuminate\\Http\\Request))
#61 D:\\xampp\\htdocs\\inventory\\vendor\\laravel\\framework\\src\\Illuminate\\Pipeline\\Pipeline.php(167): Illuminate\\Http\\Middleware\\TrustProxies->handle(Object(Illuminate\\Http\\Request), Object(Closure))
#62 D:\\xampp\\htdocs\\inventory\\vendor\\laravel\\framework\\src\\Illuminate\\Pipeline\\Pipeline.php(103): Illuminate\\Pipeline\\Pipeline->Illuminate\\Pipeline\\{closure}(Object(Illuminate\\Http\\Request))
#63 D:\\xampp\\htdocs\\inventory\\vendor\\laravel\\framework\\src\\Illuminate\\Foundation\\Http\\Kernel.php(142): Illuminate\\Pipeline\\Pipeline->then(Object(Closure))
#64 D:\\xampp\\htdocs\\inventory\\vendor\\laravel\\framework\\src\\Illuminate\\Foundation\\Http\\Kernel.php(111): Illuminate\\Foundation\\Http\\Kernel->sendRequestThroughRouter(Object(Illuminate\\Http\\Request))
#65 D:\\xampp\\htdocs\\inventory\\public\\index.php(51): Illuminate\\Foundation\\Http\\Kernel->handle(Object(Illuminate\\Http\\Request))
#66 {main}
"} 
[2025-11-21 01:33:34] local.ERROR: Division by zero {"userId":1,"exception":"[object] (DivisionByZeroError(code: 0): Division by zero at D:\\xampp\\htdocs\\inventory\\app\\Providers\\NovaServiceProvider.php:80)
[stacktrace]
#0 D:\\xampp\\htdocs\\inventory\\repos\\src\\NovaApplicationServiceProvider.php(26): App\\Providers\\NovaServiceProvider->cards()
#1 D:\\xampp\\htdocs\\inventory\\vendor\\laravel\\framework\\src\\Illuminate\\Events\\Dispatcher.php(404): Laravel\\Nova\\NovaApplicationServiceProvider->Laravel\\Nova\\{closure}(Object(Laravel\\Nova\\Events\\ServingNova))
#2 D:\\xampp\\htdocs\\inventory\\vendor\\laravel\\framework\\src\\Illuminate\\Events\\Dispatcher.php(249): Illuminate\\Events\\Dispatcher->Illuminate\\Events\\{closure}('Laravel\\\\Nova\\\\Ev...', Array)
#3 D:\\xampp\\htdocs\\inventory\\vendor\\laravel\\framework\\src\\Illuminate\\Foundation\\helpers.php(450): Illuminate\\Events\\Dispatcher->dispatch('Laravel\\\\Nova\\\\Ev...')
#4 D:\\xampp\\htdocs\\inventory\\vendor\\laravel\\framework\\src\\Illuminate\\Foundation\\Events\\Dispatchable.php(14): event(Object(Laravel\\Nova\\Events\\ServingNova))
#5 D:\\xampp\\htdocs\\inventory\\repos\\src\\Http\\Middleware\\DispatchServingNovaEvent.php(18): Laravel\\Nova\\Events\\ServingNova::dispatch(Object(Illuminate\\Http\\Request))
#6 D:\\xampp\\htdocs\\inventory\\vendor\\laravel\\framework\\src\\Illuminate\\Pipeline\\Pipeline.php(167): Laravel\\Nova\\Http\\Middleware\\DispatchServingNovaEvent->handle(Object(Illuminate\\Http\\Request), Object(Closure))
#7 D:\\xampp\\htdocs\\inventory\\vendor\\laravel\\framework\\src\\Illuminate\\Routing\\Middleware\\SubstituteBindings.php(50): Illuminate\\Pipeline\\Pipeline->Illuminate\\Pipeline\\{closure}(Object(Illuminate\\Http\\Request))
#8 D:\\xampp\\htdocs\\inventory\\vendor\\laravel\\framework\\src\\Illuminate\\Pipeline\\Pipeline.php(167): Illuminate\\Routing\\Middleware\\SubstituteBindings->handle(Object(Illuminate\\Http\\Request), Object(Closure))
#9 D:\\xampp\\htdocs\\inventory\\vendor\\laravel\\framework\\src\\Illuminate\\Auth\\Middleware\\Authenticate.php(44): Illuminate\\Pipeline\\Pipeline->Illuminate\\Pipeline\\{closure}(Object(Illuminate\\Http\\Request))
#10 D:\\xampp\\htdocs\\inventory\\repos\\src\\Http\\Middleware\\Authenticate.php(31): Illuminate\\Auth\\Middleware\\Authenticate->handle(Object(Illuminate\\Http\\Request), Object(Closure))
#11 D:\\xampp\\htdocs\\inventory\\vendor\\laravel\\framework\\src\\Illuminate\\Pipeline\\Pipeline.php(167): Laravel\\Nova\\Http\\Middleware\\Authenticate->handle(Object(Illuminate\\Http\\Request), Object(Closure))
#12 D:\\xampp\\htdocs\\inventory\\vendor\\laravel\\framework\\src\\Illuminate\\Foundation\\Http\\Middleware\\VerifyCsrfToken.php(78): Illuminate\\Pipeline\\Pipeline->Illuminate\\Pipeline\\{closure}(Object(Illuminate\\Http\\Request))
#13 D:\\xampp\\htdocs\\inventory\\vendor\\laravel\\framework\\src\\Illuminate\\Pipeline\\Pipeline.php(167): Illuminate\\Foundation\\Http\\Middleware\\VerifyCsrfToken->handle(Object(Illuminate\\Http\\Request), Object(Closure))
#14 D:\\xampp\\htdocs\\inventory\\vendor\\laravel\\framework\\src\\Illuminate\\View\\Middleware\\ShareErrorsFromSession.php(49): Illuminate\\Pipeline\\Pipeline->Illuminate\\Pipeline\\{closure}(Object(Illuminate\\Http\\Request))
#15 D:\\xampp\\htdocs\\inventory\\vendor\\laravel\\framework\\src\\Illuminate\\Pipeline\\Pipeline.php(167): Illuminate\\View\\Middleware\\ShareErrorsFromSession->handle(Object(Illuminate\\Http\\Request), Object(Closure))
#16 D:\\xampp\\htdocs\\inventory\\vendor\\laravel\\framework\\src\\Illuminate\\Session\\Middleware\\StartSession.php(121): Illuminate\\Pipeline\\Pipeline->Illuminate\\Pipeline\\{closure}(Object(Illuminate\\Http\\Request))
#17 D:\\xampp\\htdocs\\inventory\\vendor\\laravel\\framework\\src\\Illuminate\\Session\\Middleware\\StartSession.php(64): Illuminate\\Session\\Middleware\\StartSession->handleStatefulRequest(Object(Illuminate\\Http\\Request), Object(Illuminate\\Session\\Store), Object(Closure))
#18 D:\\xampp\\htdocs\\inventory\\vendor\\laravel\\framework\\src\\Illuminate\\Pipeline\\Pipeline.php(167): Illuminate\\Session\\Middleware\\StartSession->handle(Object(Illuminate\\Http\\Request), Object(Closure))
#19 D:\\xampp\\htdocs\\inventory\\vendor\\laravel\\framework\\src\\Illuminate\\Cookie\\Middleware\\AddQueuedCookiesToResponse.php(37): Illuminate\\Pipeline\\Pipeline->Illuminate\\Pipeline\\{closure}(Object(Illuminate\\Http\\Request))
#20 D:\\xampp\\htdocs\\inventory\\vendor\\laravel\\framework\\src\\Illuminate\\Pipeline\\Pipeline.php(167): Illuminate\\Cookie\\Middleware\\AddQueuedCookiesToResponse->handle(Object(Illuminate\\Http\\Request), Object(Closure))
#21 D:\\xampp\\htdocs\\inventory\\vendor\\laravel\\framework\\src\\Illuminate\\Cookie\\Middleware\\EncryptCookies.php(67): Illuminate\\Pipeline\\Pipeline->Illuminate\\Pipeline\\{closure}(Object(Illuminate\\Http\\Request))
#22 D:\\xampp\\htdocs\\inventory\\vendor\\laravel\\framework\\src\\Illuminate\\Pipeline\\Pipeline.php(167): Illuminate\\Cookie\\Middleware\\EncryptCookies->handle(Object(Illuminate\\Http\\Request), Object(Closure))
#23 D:\\xampp\\htdocs\\inventory\\vendor\\laravel\\framework\\src\\Illuminate\\Pipeline\\Pipeline.php(103): Illuminate\\Pipeline\\Pipeline->Illuminate\\Pipeline\\{closure}(Object(Illuminate\\Http\\Request))
#24 D:\\xampp\\htdocs\\inventory\\vendor\\laravel\\framework\\src\\Illuminate\\Routing\\Router.php(719): Illuminate\\Pipeline\\Pipeline->then(Object(Closure))
#25 D:\\xampp\\htdocs\\inventory\\vendor\\laravel\\framework\\src\\Illuminate\\Routing\\Router.php(698): Illuminate\\Routing\\Router->runRouteWithinStack(Object(Illuminate\\Routing\\Route), Object(Illuminate\\Http\\Request))
#26 D:\\xampp\\htdocs\\inventory\\vendor\\laravel\\framework\\src\\Illuminate\\Routing\\Router.php(662): Illuminate\\Routing\\Router->runRoute(Object(Illuminate\\Http\\Request), Object(Illuminate\\Routing\\Route))
#27 D:\\xampp\\htdocs\\inventory\\vendor\\laravel\\framework\\src\\Illuminate\\Routing\\Router.php(651): Illuminate\\Routing\\Router->dispatchToRoute(Object(Illuminate\\Http\\Request))
#28 D:\\xampp\\htdocs\\inventory\\vendor\\laravel\\framework\\src\\Illuminate\\Foundation\\Http\\Kernel.php(167): Illuminate\\Routing\\Router->dispatch(Object(Illuminate\\Http\\Request))
#29 D:\\xampp\\htdocs\\inventory\\vendor\\laravel\\framework\\src\\Illuminate\\Pipeline\\Pipeline.php(128): Illuminate\\Foundation\\Http\\Kernel->Illuminate\\Foundation\\Http\\{closure}(Object(Illuminate\\Http\\Request))
#30 D:\\xampp\\htdocs\\inventory\\repos\\src\\Http\\Middleware\\ServeNova.php(24): Illuminate\\Pipeline\\Pipeline->Illuminate\\Pipeline\\{closure}(Object(Illuminate\\Http\\Request))
#31 D:\\xampp\\htdocs\\inventory\\vendor\\laravel\\framework\\src\\Illuminate\\Pipeline\\Pipeline.php(167): Laravel\\Nova\\Http\\Middleware\\ServeNova->handle(Object(Illuminate\\Http\\Request), Object(Closure))
#32 D:\\xampp\\htdocs\\inventory\\vendor\\laravel\\framework\\src\\Illuminate\\Foundation\\Http\\Middleware\\TransformsRequest.php(21): Illuminate\\Pipeline\\Pipeline->Illuminate\\Pipeline\\{closure}(Object(Illuminate\\Http\\Request))
#33 D:\\xampp\\htdocs\\inventory\\vendor\\laravel\\framework\\src\\Illuminate\\Foundation\\Http\\Middleware\\ConvertEmptyStringsToNull.php(31): Illuminate\\Foundation\\Http\\Middleware\\TransformsRequest->handle(Object(Illuminate\\Http\\Request), Object(Closure))
#34 D:\\xampp\\htdocs\\inventory\\vendor\\laravel\\framework\\src\\Illuminate\\Pipeline\\Pipeline.php(167): Illuminate\\Foundation\\Http\\Middleware\\ConvertEmptyStringsToNull->handle(Object(Illuminate\\Http\\Request), Object(Closure))
#35 D:\\xampp\\htdocs\\inventory\\vendor\\laravel\\framework\\src\\Illuminate\\Foundation\\Http\\Middleware\\TransformsRequest.php(21): Illuminate\\Pipeline\\Pipeline->Illuminate\\Pipeline\\{closure}(Object(Illuminate\\Http\\Request))
#36 D:\\xampp\\htdocs\\inventory\\vendor\\laravel\\framework\\src\\Illuminate\\Foundation\\Http\\Middleware\\TrimStrings.php(40): Illuminate\\Foundation\\Http\\Middleware\\TransformsRequest->handle(Object(Illuminate\\Http\\Request), Object(Closure))
#37 D:\\xampp\\htdocs\\inventory\\vendor\\laravel\\framework\\src\\Illuminate\\Pipeline\\Pipeline.php(167): Illuminate\\Foundation\\Http\\Middleware\\TrimStrings->handle(Object(Illuminate\\Http\\Request), Object(Closure))
#38 D:\\xampp\\htdocs\\inventory\\vendor\\laravel\\framework\\src\\Illuminate\\Foundation\\Http\\Middleware\\ValidatePostSize.php(27): Illuminate\\Pipeline\\Pipeline->Illuminate\\Pipeline\\{closure}(Object(Illuminate\\Http\\Request))
#39 D:\\xampp\\htdocs\\inventory\\vendor\\laravel\\framework\\src\\Illuminate\\Pipeline\\Pipeline.php(167): Illuminate\\Foundation\\Http\\Middleware\\ValidatePostSize->handle(Object(Illuminate\\Http\\Request), Object(Closure))
#40 D:\\xampp\\htdocs\\inventory\\vendor\\laravel\\framework\\src\\Illuminate\\Foundation\\Http\\Middleware\\PreventRequestsDuringMaintenance.php(86): Illuminate\\Pipeline\\Pipeline->Illuminate\\Pipeline\\{closure}(Object(Illuminate\\Http\\Request))
#41 D:\\xampp\\htdocs\\inventory\\vendor\\laravel\\framework\\src\\Illuminate\\Pipeline\\Pipeline.php(167): Illuminate\\Foundation\\Http\\Middleware\\PreventRequestsDuringMaintenance->handle(Object(Illuminate\\Http\\Request), Object(Closure))
#42 D:\\xampp\\htdocs\\inventory\\vendor\\fruitcake\\laravel-cors\\src\\HandleCors.php(38): Illuminate\\Pipeline\\Pipeline->Illuminate\\Pipeline\\{closure}(Object(Illuminate\\Http\\Request))
#43 D:\\xampp\\htdocs\\inventory\\vendor\\laravel\\framework\\src\\Illuminate\\Pipeline\\Pipeline.php(167): Fruitcake\\Cors\\HandleCors->handle(Object(Illuminate\\Http\\Request), Object(Closure))
#44 D:\\xampp\\htdocs\\inventory\\vendor\\laravel\\framework\\src\\Illuminate\\Http\\Middleware\\TrustProxies.php(39): Illuminate\\Pipeline\\Pipeline->Illuminate\\Pipeline\\{closure}(Object(Illuminate\\Http\\Request))
#45 D:\\xampp\\htdocs\\inventory\\vendor\\laravel\\framework\\src\\Illuminate\\Pipeline\\Pipeline.php(167): Illuminate\\Http\\Middleware\\TrustProxies->handle(Object(Illuminate\\Http\\Request), Object(Closure))
#46 D:\\xampp\\htdocs\\inventory\\vendor\\laravel\\framework\\src\\Illuminate\\Pipeline\\Pipeline.php(103): Illuminate\\Pipeline\\Pipeline->Illuminate\\Pipeline\\{closure}(Object(Illuminate\\Http\\Request))
#47 D:\\xampp\\htdocs\\inventory\\vendor\\laravel\\framework\\src\\Illuminate\\Foundation\\Http\\Kernel.php(142): Illuminate\\Pipeline\\Pipeline->then(Object(Closure))
#48 D:\\xampp\\htdocs\\inventory\\vendor\\laravel\\framework\\src\\Illuminate\\Foundation\\Http\\Kernel.php(111): Illuminate\\Foundation\\Http\\Kernel->sendRequestThroughRouter(Object(Illuminate\\Http\\Request))
#49 D:\\xampp\\htdocs\\inventory\\public\\index.php(51): Illuminate\\Foundation\\Http\\Kernel->handle(Object(Illuminate\\Http\\Request))
#50 {main}
"} 
[2025-11-21 01:33:50] local.ERROR: Division by zero {"userId":1,"exception":"[object] (DivisionByZeroError(code: 0): Division by zero at D:\\xampp\\htdocs\\inventory\\app\\Providers\\NovaServiceProvider.php:80)
[stacktrace]
#0 D:\\xampp\\htdocs\\inventory\\repos\\src\\NovaApplicationServiceProvider.php(26): App\\Providers\\NovaServiceProvider->cards()
#1 D:\\xampp\\htdocs\\inventory\\vendor\\laravel\\framework\\src\\Illuminate\\Events\\Dispatcher.php(404): Laravel\\Nova\\NovaApplicationServiceProvider->Laravel\\Nova\\{closure}(Object(Laravel\\Nova\\Events\\ServingNova))
#2 D:\\xampp\\htdocs\\inventory\\vendor\\laravel\\framework\\src\\Illuminate\\Events\\Dispatcher.php(249): Illuminate\\Events\\Dispatcher->Illuminate\\Events\\{closure}('Laravel\\\\Nova\\\\Ev...', Array)
#3 D:\\xampp\\htdocs\\inventory\\vendor\\laravel\\framework\\src\\Illuminate\\Foundation\\helpers.php(450): Illuminate\\Events\\Dispatcher->dispatch('Laravel\\\\Nova\\\\Ev...')
#4 D:\\xampp\\htdocs\\inventory\\vendor\\laravel\\framework\\src\\Illuminate\\Foundation\\Events\\Dispatchable.php(14): event(Object(Laravel\\Nova\\Events\\ServingNova))
#5 D:\\xampp\\htdocs\\inventory\\repos\\src\\Http\\Middleware\\DispatchServingNovaEvent.php(18): Laravel\\Nova\\Events\\ServingNova::dispatch(Object(Illuminate\\Http\\Request))
#6 D:\\xampp\\htdocs\\inventory\\vendor\\laravel\\framework\\src\\Illuminate\\Pipeline\\Pipeline.php(167): Laravel\\Nova\\Http\\Middleware\\DispatchServingNovaEvent->handle(Object(Illuminate\\Http\\Request), Object(Closure))
#7 D:\\xampp\\htdocs\\inventory\\vendor\\laravel\\framework\\src\\Illuminate\\Routing\\Middleware\\SubstituteBindings.php(50): Illuminate\\Pipeline\\Pipeline->Illuminate\\Pipeline\\{closure}(Object(Illuminate\\Http\\Request))
#8 D:\\xampp\\htdocs\\inventory\\vendor\\laravel\\framework\\src\\Illuminate\\Pipeline\\Pipeline.php(167): Illuminate\\Routing\\Middleware\\SubstituteBindings->handle(Object(Illuminate\\Http\\Request), Object(Closure))
#9 D:\\xampp\\htdocs\\inventory\\vendor\\laravel\\framework\\src\\Illuminate\\Auth\\Middleware\\Authenticate.php(44): Illuminate\\Pipeline\\Pipeline->Illuminate\\Pipeline\\{closure}(Object(Illuminate\\Http\\Request))
#10 D:\\xampp\\htdocs\\inventory\\repos\\src\\Http\\Middleware\\Authenticate.php(31): Illuminate\\Auth\\Middleware\\Authenticate->handle(Object(Illuminate\\Http\\Request), Object(Closure))
#11 D:\\xampp\\htdocs\\inventory\\vendor\\laravel\\framework\\src\\Illuminate\\Pipeline\\Pipeline.php(167): Laravel\\Nova\\Http\\Middleware\\Authenticate->handle(Object(Illuminate\\Http\\Request), Object(Closure))
#12 D:\\xampp\\htdocs\\inventory\\vendor\\laravel\\framework\\src\\Illuminate\\Foundation\\Http\\Middleware\\VerifyCsrfToken.php(78): Illuminate\\Pipeline\\Pipeline->Illuminate\\Pipeline\\{closure}(Object(Illuminate\\Http\\Request))
#13 D:\\xampp\\htdocs\\inventory\\vendor\\laravel\\framework\\src\\Illuminate\\Pipeline\\Pipeline.php(167): Illuminate\\Foundation\\Http\\Middleware\\VerifyCsrfToken->handle(Object(Illuminate\\Http\\Request), Object(Closure))
#14 D:\\xampp\\htdocs\\inventory\\vendor\\laravel\\framework\\src\\Illuminate\\View\\Middleware\\ShareErrorsFromSession.php(49): Illuminate\\Pipeline\\Pipeline->Illuminate\\Pipeline\\{closure}(Object(Illuminate\\Http\\Request))
#15 D:\\xampp\\htdocs\\inventory\\vendor\\laravel\\framework\\src\\Illuminate\\Pipeline\\Pipeline.php(167): Illuminate\\View\\Middleware\\ShareErrorsFromSession->handle(Object(Illuminate\\Http\\Request), Object(Closure))
#16 D:\\xampp\\htdocs\\inventory\\vendor\\laravel\\framework\\src\\Illuminate\\Session\\Middleware\\StartSession.php(121): Illuminate\\Pipeline\\Pipeline->Illuminate\\Pipeline\\{closure}(Object(Illuminate\\Http\\Request))
#17 D:\\xampp\\htdocs\\inventory\\vendor\\laravel\\framework\\src\\Illuminate\\Session\\Middleware\\StartSession.php(64): Illuminate\\Session\\Middleware\\StartSession->handleStatefulRequest(Object(Illuminate\\Http\\Request), Object(Illuminate\\Session\\Store), Object(Closure))
#18 D:\\xampp\\htdocs\\inventory\\vendor\\laravel\\framework\\src\\Illuminate\\Pipeline\\Pipeline.php(167): Illuminate\\Session\\Middleware\\StartSession->handle(Object(Illuminate\\Http\\Request), Object(Closure))
#19 D:\\xampp\\htdocs\\inventory\\vendor\\laravel\\framework\\src\\Illuminate\\Cookie\\Middleware\\AddQueuedCookiesToResponse.php(37): Illuminate\\Pipeline\\Pipeline->Illuminate\\Pipeline\\{closure}(Object(Illuminate\\Http\\Request))
#20 D:\\xampp\\htdocs\\inventory\\vendor\\laravel\\framework\\src\\Illuminate\\Pipeline\\Pipeline.php(167): Illuminate\\Cookie\\Middleware\\AddQueuedCookiesToResponse->handle(Object(Illuminate\\Http\\Request), Object(Closure))
#21 D:\\xampp\\htdocs\\inventory\\vendor\\laravel\\framework\\src\\Illuminate\\Cookie\\Middleware\\EncryptCookies.php(67): Illuminate\\Pipeline\\Pipeline->Illuminate\\Pipeline\\{closure}(Object(Illuminate\\Http\\Request))
#22 D:\\xampp\\htdocs\\inventory\\vendor\\laravel\\framework\\src\\Illuminate\\Pipeline\\Pipeline.php(167): Illuminate\\Cookie\\Middleware\\EncryptCookies->handle(Object(Illuminate\\Http\\Request), Object(Closure))
#23 D:\\xampp\\htdocs\\inventory\\vendor\\laravel\\framework\\src\\Illuminate\\Pipeline\\Pipeline.php(103): Illuminate\\Pipeline\\Pipeline->Illuminate\\Pipeline\\{closure}(Object(Illuminate\\Http\\Request))
#24 D:\\xampp\\htdocs\\inventory\\vendor\\laravel\\framework\\src\\Illuminate\\Routing\\Router.php(719): Illuminate\\Pipeline\\Pipeline->then(Object(Closure))
#25 D:\\xampp\\htdocs\\inventory\\vendor\\laravel\\framework\\src\\Illuminate\\Routing\\Router.php(698): Illuminate\\Routing\\Router->runRouteWithinStack(Object(Illuminate\\Routing\\Route), Object(Illuminate\\Http\\Request))
#26 D:\\xampp\\htdocs\\inventory\\vendor\\laravel\\framework\\src\\Illuminate\\Routing\\Router.php(662): Illuminate\\Routing\\Router->runRoute(Object(Illuminate\\Http\\Request), Object(Illuminate\\Routing\\Route))
#27 D:\\xampp\\htdocs\\inventory\\vendor\\laravel\\framework\\src\\Illuminate\\Routing\\Router.php(651): Illuminate\\Routing\\Router->dispatchToRoute(Object(Illuminate\\Http\\Request))
#28 D:\\xampp\\htdocs\\inventory\\vendor\\laravel\\framework\\src\\Illuminate\\Foundation\\Http\\Kernel.php(167): Illuminate\\Routing\\Router->dispatch(Object(Illuminate\\Http\\Request))
#29 D:\\xampp\\htdocs\\inventory\\vendor\\laravel\\framework\\src\\Illuminate\\Pipeline\\Pipeline.php(128): Illuminate\\Foundation\\Http\\Kernel->Illuminate\\Foundation\\Http\\{closure}(Object(Illuminate\\Http\\Request))
#30 D:\\xampp\\htdocs\\inventory\\repos\\src\\Http\\Middleware\\ServeNova.php(24): Illuminate\\Pipeline\\Pipeline->Illuminate\\Pipeline\\{closure}(Object(Illuminate\\Http\\Request))
#31 D:\\xampp\\htdocs\\inventory\\vendor\\laravel\\framework\\src\\Illuminate\\Pipeline\\Pipeline.php(167): Laravel\\Nova\\Http\\Middleware\\ServeNova->handle(Object(Illuminate\\Http\\Request), Object(Closure))
#32 D:\\xampp\\htdocs\\inventory\\vendor\\laravel\\framework\\src\\Illuminate\\Foundation\\Http\\Middleware\\TransformsRequest.php(21): Illuminate\\Pipeline\\Pipeline->Illuminate\\Pipeline\\{closure}(Object(Illuminate\\Http\\Request))
#33 D:\\xampp\\htdocs\\inventory\\vendor\\laravel\\framework\\src\\Illuminate\\Foundation\\Http\\Middleware\\ConvertEmptyStringsToNull.php(31): Illuminate\\Foundation\\Http\\Middleware\\TransformsRequest->handle(Object(Illuminate\\Http\\Request), Object(Closure))
#34 D:\\xampp\\htdocs\\inventory\\vendor\\laravel\\framework\\src\\Illuminate\\Pipeline\\Pipeline.php(167): Illuminate\\Foundation\\Http\\Middleware\\ConvertEmptyStringsToNull->handle(Object(Illuminate\\Http\\Request), Object(Closure))
#35 D:\\xampp\\htdocs\\inventory\\vendor\\laravel\\framework\\src\\Illuminate\\Foundation\\Http\\Middleware\\TransformsRequest.php(21): Illuminate\\Pipeline\\Pipeline->Illuminate\\Pipeline\\{closure}(Object(Illuminate\\Http\\Request))
#36 D:\\xampp\\htdocs\\inventory\\vendor\\laravel\\framework\\src\\Illuminate\\Foundation\\Http\\Middleware\\TrimStrings.php(40): Illuminate\\Foundation\\Http\\Middleware\\TransformsRequest->handle(Object(Illuminate\\Http\\Request), Object(Closure))
#37 D:\\xampp\\htdocs\\inventory\\vendor\\laravel\\framework\\src\\Illuminate\\Pipeline\\Pipeline.php(167): Illuminate\\Foundation\\Http\\Middleware\\TrimStrings->handle(Object(Illuminate\\Http\\Request), Object(Closure))
#38 D:\\xampp\\htdocs\\inventory\\vendor\\laravel\\framework\\src\\Illuminate\\Foundation\\Http\\Middleware\\ValidatePostSize.php(27): Illuminate\\Pipeline\\Pipeline->Illuminate\\Pipeline\\{closure}(Object(Illuminate\\Http\\Request))
#39 D:\\xampp\\htdocs\\inventory\\vendor\\laravel\\framework\\src\\Illuminate\\Pipeline\\Pipeline.php(167): Illuminate\\Foundation\\Http\\Middleware\\ValidatePostSize->handle(Object(Illuminate\\Http\\Request), Object(Closure))
#40 D:\\xampp\\htdocs\\inventory\\vendor\\laravel\\framework\\src\\Illuminate\\Foundation\\Http\\Middleware\\PreventRequestsDuringMaintenance.php(86): Illuminate\\Pipeline\\Pipeline->Illuminate\\Pipeline\\{closure}(Object(Illuminate\\Http\\Request))
#41 D:\\xampp\\htdocs\\inventory\\vendor\\laravel\\framework\\src\\Illuminate\\Pipeline\\Pipeline.php(167): Illuminate\\Foundation\\Http\\Middleware\\PreventRequestsDuringMaintenance->handle(Object(Illuminate\\Http\\Request), Object(Closure))
#42 D:\\xampp\\htdocs\\inventory\\vendor\\fruitcake\\laravel-cors\\src\\HandleCors.php(38): Illuminate\\Pipeline\\Pipeline->Illuminate\\Pipeline\\{closure}(Object(Illuminate\\Http\\Request))
#43 D:\\xampp\\htdocs\\inventory\\vendor\\laravel\\framework\\src\\Illuminate\\Pipeline\\Pipeline.php(167): Fruitcake\\Cors\\HandleCors->handle(Object(Illuminate\\Http\\Request), Object(Closure))
#44 D:\\xampp\\htdocs\\inventory\\vendor\\laravel\\framework\\src\\Illuminate\\Http\\Middleware\\TrustProxies.php(39): Illuminate\\Pipeline\\Pipeline->Illuminate\\Pipeline\\{closure}(Object(Illuminate\\Http\\Request))
#45 D:\\xampp\\htdocs\\inventory\\vendor\\laravel\\framework\\src\\Illuminate\\Pipeline\\Pipeline.php(167): Illuminate\\Http\\Middleware\\TrustProxies->handle(Object(Illuminate\\Http\\Request), Object(Closure))
#46 D:\\xampp\\htdocs\\inventory\\vendor\\laravel\\framework\\src\\Illuminate\\Pipeline\\Pipeline.php(103): Illuminate\\Pipeline\\Pipeline->Illuminate\\Pipeline\\{closure}(Object(Illuminate\\Http\\Request))
#47 D:\\xampp\\htdocs\\inventory\\vendor\\laravel\\framework\\src\\Illuminate\\Foundation\\Http\\Kernel.php(142): Illuminate\\Pipeline\\Pipeline->then(Object(Closure))
#48 D:\\xampp\\htdocs\\inventory\\vendor\\laravel\\framework\\src\\Illuminate\\Foundation\\Http\\Kernel.php(111): Illuminate\\Foundation\\Http\\Kernel->sendRequestThroughRouter(Object(Illuminate\\Http\\Request))
#49 D:\\xampp\\htdocs\\inventory\\public\\index.php(51): Illuminate\\Foundation\\Http\\Kernel->handle(Object(Illuminate\\Http\\Request))
#50 {main}
"} 
[2025-11-21 01:37:57] local.ERROR: Division by zero {"userId":1,"exception":"[object] (DivisionByZeroError(code: 0): Division by zero at D:\\xampp\\htdocs\\inventory\\app\\Providers\\NovaServiceProvider.php:80)
[stacktrace]
#0 D:\\xampp\\htdocs\\inventory\\repos\\src\\NovaApplicationServiceProvider.php(26): App\\Providers\\NovaServiceProvider->cards()
#1 D:\\xampp\\htdocs\\inventory\\vendor\\laravel\\framework\\src\\Illuminate\\Events\\Dispatcher.php(404): Laravel\\Nova\\NovaApplicationServiceProvider->Laravel\\Nova\\{closure}(Object(Laravel\\Nova\\Events\\ServingNova))
#2 D:\\xampp\\htdocs\\inventory\\vendor\\laravel\\framework\\src\\Illuminate\\Events\\Dispatcher.php(249): Illuminate\\Events\\Dispatcher->Illuminate\\Events\\{closure}('Laravel\\\\Nova\\\\Ev...', Array)
#3 D:\\xampp\\htdocs\\inventory\\vendor\\laravel\\framework\\src\\Illuminate\\Foundation\\helpers.php(450): Illuminate\\Events\\Dispatcher->dispatch('Laravel\\\\Nova\\\\Ev...')
#4 D:\\xampp\\htdocs\\inventory\\vendor\\laravel\\framework\\src\\Illuminate\\Foundation\\Events\\Dispatchable.php(14): event(Object(Laravel\\Nova\\Events\\ServingNova))
#5 D:\\xampp\\htdocs\\inventory\\repos\\src\\Http\\Middleware\\DispatchServingNovaEvent.php(18): Laravel\\Nova\\Events\\ServingNova::dispatch(Object(Illuminate\\Http\\Request))
#6 D:\\xampp\\htdocs\\inventory\\vendor\\laravel\\framework\\src\\Illuminate\\Pipeline\\Pipeline.php(167): Laravel\\Nova\\Http\\Middleware\\DispatchServingNovaEvent->handle(Object(Illuminate\\Http\\Request), Object(Closure))
#7 D:\\xampp\\htdocs\\inventory\\vendor\\laravel\\framework\\src\\Illuminate\\Routing\\Middleware\\SubstituteBindings.php(50): Illuminate\\Pipeline\\Pipeline->Illuminate\\Pipeline\\{closure}(Object(Illuminate\\Http\\Request))
#8 D:\\xampp\\htdocs\\inventory\\vendor\\laravel\\framework\\src\\Illuminate\\Pipeline\\Pipeline.php(167): Illuminate\\Routing\\Middleware\\SubstituteBindings->handle(Object(Illuminate\\Http\\Request), Object(Closure))
#9 D:\\xampp\\htdocs\\inventory\\vendor\\laravel\\framework\\src\\Illuminate\\Auth\\Middleware\\Authenticate.php(44): Illuminate\\Pipeline\\Pipeline->Illuminate\\Pipeline\\{closure}(Object(Illuminate\\Http\\Request))
#10 D:\\xampp\\htdocs\\inventory\\repos\\src\\Http\\Middleware\\Authenticate.php(31): Illuminate\\Auth\\Middleware\\Authenticate->handle(Object(Illuminate\\Http\\Request), Object(Closure))
#11 D:\\xampp\\htdocs\\inventory\\vendor\\laravel\\framework\\src\\Illuminate\\Pipeline\\Pipeline.php(167): Laravel\\Nova\\Http\\Middleware\\Authenticate->handle(Object(Illuminate\\Http\\Request), Object(Closure))
#12 D:\\xampp\\htdocs\\inventory\\vendor\\laravel\\framework\\src\\Illuminate\\Foundation\\Http\\Middleware\\VerifyCsrfToken.php(78): Illuminate\\Pipeline\\Pipeline->Illuminate\\Pipeline\\{closure}(Object(Illuminate\\Http\\Request))
#13 D:\\xampp\\htdocs\\inventory\\vendor\\laravel\\framework\\src\\Illuminate\\Pipeline\\Pipeline.php(167): Illuminate\\Foundation\\Http\\Middleware\\VerifyCsrfToken->handle(Object(Illuminate\\Http\\Request), Object(Closure))
#14 D:\\xampp\\htdocs\\inventory\\vendor\\laravel\\framework\\src\\Illuminate\\View\\Middleware\\ShareErrorsFromSession.php(49): Illuminate\\Pipeline\\Pipeline->Illuminate\\Pipeline\\{closure}(Object(Illuminate\\Http\\Request))
#15 D:\\xampp\\htdocs\\inventory\\vendor\\laravel\\framework\\src\\Illuminate\\Pipeline\\Pipeline.php(167): Illuminate\\View\\Middleware\\ShareErrorsFromSession->handle(Object(Illuminate\\Http\\Request), Object(Closure))
#16 D:\\xampp\\htdocs\\inventory\\vendor\\laravel\\framework\\src\\Illuminate\\Session\\Middleware\\StartSession.php(121): Illuminate\\Pipeline\\Pipeline->Illuminate\\Pipeline\\{closure}(Object(Illuminate\\Http\\Request))
#17 D:\\xampp\\htdocs\\inventory\\vendor\\laravel\\framework\\src\\Illuminate\\Session\\Middleware\\StartSession.php(64): Illuminate\\Session\\Middleware\\StartSession->handleStatefulRequest(Object(Illuminate\\Http\\Request), Object(Illuminate\\Session\\Store), Object(Closure))
#18 D:\\xampp\\htdocs\\inventory\\vendor\\laravel\\framework\\src\\Illuminate\\Pipeline\\Pipeline.php(167): Illuminate\\Session\\Middleware\\StartSession->handle(Object(Illuminate\\Http\\Request), Object(Closure))
#19 D:\\xampp\\htdocs\\inventory\\vendor\\laravel\\framework\\src\\Illuminate\\Cookie\\Middleware\\AddQueuedCookiesToResponse.php(37): Illuminate\\Pipeline\\Pipeline->Illuminate\\Pipeline\\{closure}(Object(Illuminate\\Http\\Request))
#20 D:\\xampp\\htdocs\\inventory\\vendor\\laravel\\framework\\src\\Illuminate\\Pipeline\\Pipeline.php(167): Illuminate\\Cookie\\Middleware\\AddQueuedCookiesToResponse->handle(Object(Illuminate\\Http\\Request), Object(Closure))
#21 D:\\xampp\\htdocs\\inventory\\vendor\\laravel\\framework\\src\\Illuminate\\Cookie\\Middleware\\EncryptCookies.php(67): Illuminate\\Pipeline\\Pipeline->Illuminate\\Pipeline\\{closure}(Object(Illuminate\\Http\\Request))
#22 D:\\xampp\\htdocs\\inventory\\vendor\\laravel\\framework\\src\\Illuminate\\Pipeline\\Pipeline.php(167): Illuminate\\Cookie\\Middleware\\EncryptCookies->handle(Object(Illuminate\\Http\\Request), Object(Closure))
#23 D:\\xampp\\htdocs\\inventory\\vendor\\laravel\\framework\\src\\Illuminate\\Pipeline\\Pipeline.php(103): Illuminate\\Pipeline\\Pipeline->Illuminate\\Pipeline\\{closure}(Object(Illuminate\\Http\\Request))
#24 D:\\xampp\\htdocs\\inventory\\vendor\\laravel\\framework\\src\\Illuminate\\Routing\\Router.php(719): Illuminate\\Pipeline\\Pipeline->then(Object(Closure))
#25 D:\\xampp\\htdocs\\inventory\\vendor\\laravel\\framework\\src\\Illuminate\\Routing\\Router.php(698): Illuminate\\Routing\\Router->runRouteWithinStack(Object(Illuminate\\Routing\\Route), Object(Illuminate\\Http\\Request))
#26 D:\\xampp\\htdocs\\inventory\\vendor\\laravel\\framework\\src\\Illuminate\\Routing\\Router.php(662): Illuminate\\Routing\\Router->runRoute(Object(Illuminate\\Http\\Request), Object(Illuminate\\Routing\\Route))
#27 D:\\xampp\\htdocs\\inventory\\vendor\\laravel\\framework\\src\\Illuminate\\Routing\\Router.php(651): Illuminate\\Routing\\Router->dispatchToRoute(Object(Illuminate\\Http\\Request))
#28 D:\\xampp\\htdocs\\inventory\\vendor\\laravel\\framework\\src\\Illuminate\\Foundation\\Http\\Kernel.php(167): Illuminate\\Routing\\Router->dispatch(Object(Illuminate\\Http\\Request))
#29 D:\\xampp\\htdocs\\inventory\\vendor\\laravel\\framework\\src\\Illuminate\\Pipeline\\Pipeline.php(128): Illuminate\\Foundation\\Http\\Kernel->Illuminate\\Foundation\\Http\\{closure}(Object(Illuminate\\Http\\Request))
#30 D:\\xampp\\htdocs\\inventory\\repos\\src\\Http\\Middleware\\ServeNova.php(24): Illuminate\\Pipeline\\Pipeline->Illuminate\\Pipeline\\{closure}(Object(Illuminate\\Http\\Request))
#31 D:\\xampp\\htdocs\\inventory\\vendor\\laravel\\framework\\src\\Illuminate\\Pipeline\\Pipeline.php(167): Laravel\\Nova\\Http\\Middleware\\ServeNova->handle(Object(Illuminate\\Http\\Request), Object(Closure))
#32 D:\\xampp\\htdocs\\inventory\\vendor\\laravel\\framework\\src\\Illuminate\\Foundation\\Http\\Middleware\\TransformsRequest.php(21): Illuminate\\Pipeline\\Pipeline->Illuminate\\Pipeline\\{closure}(Object(Illuminate\\Http\\Request))
#33 D:\\xampp\\htdocs\\inventory\\vendor\\laravel\\framework\\src\\Illuminate\\Foundation\\Http\\Middleware\\ConvertEmptyStringsToNull.php(31): Illuminate\\Foundation\\Http\\Middleware\\TransformsRequest->handle(Object(Illuminate\\Http\\Request), Object(Closure))
#34 D:\\xampp\\htdocs\\inventory\\vendor\\laravel\\framework\\src\\Illuminate\\Pipeline\\Pipeline.php(167): Illuminate\\Foundation\\Http\\Middleware\\ConvertEmptyStringsToNull->handle(Object(Illuminate\\Http\\Request), Object(Closure))
#35 D:\\xampp\\htdocs\\inventory\\vendor\\laravel\\framework\\src\\Illuminate\\Foundation\\Http\\Middleware\\TransformsRequest.php(21): Illuminate\\Pipeline\\Pipeline->Illuminate\\Pipeline\\{closure}(Object(Illuminate\\Http\\Request))
#36 D:\\xampp\\htdocs\\inventory\\vendor\\laravel\\framework\\src\\Illuminate\\Foundation\\Http\\Middleware\\TrimStrings.php(40): Illuminate\\Foundation\\Http\\Middleware\\TransformsRequest->handle(Object(Illuminate\\Http\\Request), Object(Closure))
#37 D:\\xampp\\htdocs\\inventory\\vendor\\laravel\\framework\\src\\Illuminate\\Pipeline\\Pipeline.php(167): Illuminate\\Foundation\\Http\\Middleware\\TrimStrings->handle(Object(Illuminate\\Http\\Request), Object(Closure))
#38 D:\\xampp\\htdocs\\inventory\\vendor\\laravel\\framework\\src\\Illuminate\\Foundation\\Http\\Middleware\\ValidatePostSize.php(27): Illuminate\\Pipeline\\Pipeline->Illuminate\\Pipeline\\{closure}(Object(Illuminate\\Http\\Request))
#39 D:\\xampp\\htdocs\\inventory\\vendor\\laravel\\framework\\src\\Illuminate\\Pipeline\\Pipeline.php(167): Illuminate\\Foundation\\Http\\Middleware\\ValidatePostSize->handle(Object(Illuminate\\Http\\Request), Object(Closure))
#40 D:\\xampp\\htdocs\\inventory\\vendor\\laravel\\framework\\src\\Illuminate\\Foundation\\Http\\Middleware\\PreventRequestsDuringMaintenance.php(86): Illuminate\\Pipeline\\Pipeline->Illuminate\\Pipeline\\{closure}(Object(Illuminate\\Http\\Request))
#41 D:\\xampp\\htdocs\\inventory\\vendor\\laravel\\framework\\src\\Illuminate\\Pipeline\\Pipeline.php(167): Illuminate\\Foundation\\Http\\Middleware\\PreventRequestsDuringMaintenance->handle(Object(Illuminate\\Http\\Request), Object(Closure))
#42 D:\\xampp\\htdocs\\inventory\\vendor\\fruitcake\\laravel-cors\\src\\HandleCors.php(38): Illuminate\\Pipeline\\Pipeline->Illuminate\\Pipeline\\{closure}(Object(Illuminate\\Http\\Request))
#43 D:\\xampp\\htdocs\\inventory\\vendor\\laravel\\framework\\src\\Illuminate\\Pipeline\\Pipeline.php(167): Fruitcake\\Cors\\HandleCors->handle(Object(Illuminate\\Http\\Request), Object(Closure))
#44 D:\\xampp\\htdocs\\inventory\\vendor\\laravel\\framework\\src\\Illuminate\\Http\\Middleware\\TrustProxies.php(39): Illuminate\\Pipeline\\Pipeline->Illuminate\\Pipeline\\{closure}(Object(Illuminate\\Http\\Request))
#45 D:\\xampp\\htdocs\\inventory\\vendor\\laravel\\framework\\src\\Illuminate\\Pipeline\\Pipeline.php(167): Illuminate\\Http\\Middleware\\TrustProxies->handle(Object(Illuminate\\Http\\Request), Object(Closure))
#46 D:\\xampp\\htdocs\\inventory\\vendor\\laravel\\framework\\src\\Illuminate\\Pipeline\\Pipeline.php(103): Illuminate\\Pipeline\\Pipeline->Illuminate\\Pipeline\\{closure}(Object(Illuminate\\Http\\Request))
#47 D:\\xampp\\htdocs\\inventory\\vendor\\laravel\\framework\\src\\Illuminate\\Foundation\\Http\\Kernel.php(142): Illuminate\\Pipeline\\Pipeline->then(Object(Closure))
#48 D:\\xampp\\htdocs\\inventory\\vendor\\laravel\\framework\\src\\Illuminate\\Foundation\\Http\\Kernel.php(111): Illuminate\\Foundation\\Http\\Kernel->sendRequestThroughRouter(Object(Illuminate\\Http\\Request))
#49 D:\\xampp\\htdocs\\inventory\\public\\index.php(51): Illuminate\\Foundation\\Http\\Kernel->handle(Object(Illuminate\\Http\\Request))
#50 {main}
"} 
